dalmax.games.turnBasedGames.connect4,Brain and Puzzle
com.holfeld.japaneseplusfree,Travel and Local
com.mobileApp.controller,Personalization
com.aarontennyson.calorietracker,Health and Fitness
com.totaldevel.android.todocitas.ads,Books and Reference
com.google.android.voicesearch,Communication
fieldbird.yourself,Lifestyle
com.dmacattack.mpgConvert,Transportation
com.ds.tonsillectomy,Arcade and Action
metrofax.android.MobileFax,Business
sk.halmi.itimerad,Health and Fitness
com.dreamstep.wPureRomancebyAleacia,Books and Reference
org.flinc.app,Transportation
com.smafundev.android.games.drumspro,Tools
com.socialcast,Business
com.anpow.mechanicaldictionary,Education
fourandroids.bttoggle,Tools
com.lalitasahasranmacafeinks,Books and Reference
com.dictionary.ta,Books and Reference
kr.Neosarchizo.EyeTraining,Health and Fitness
jp.ne.neko.freewing.CameraDeviceMarketTest0000,Photography
com.crystalreality.crystaltv,News and Magazines
ro.headlight.RTUI,Shopping
com.painone7.Solitaire,Cards and Casino
loyalblocks.userapp,Arcade and Action
com.synaptik.blocks,Brain and Puzzle
com.juteralabs.gush,Shopping
com.dictionary.te,Books and Reference
com.appmk.magazine.AOTNXENBDOVARBFMJ,Lifestyle
br.eti.fml.satoshi,Productivity
com.futonredemption.jasper,Communication
com.hexahis.android.nurcam,Photography
com.dragonplay.slotcity,Cards and Casino
com.FourWheeler.paper,Racing
cantangroup.afrocircus,Books and Reference
com.km.utils.paperplane,Business
com.fastclipper.vfs.vfm30,Productivity
net.aharm.hoop,Cards and Casino
com.roctechmobile.cartoonthemesongssoundboard,Music and Audio
org.gc,Transportation
com.onavo.android.onavoics,Business
edu.up.ittc.mmda,Transportation
com.nbcnews.today,News and Magazines
com.underwater.fluffy,Casual
com.angel.gkDolphins3d,Personalization
com.pl.byq.platformer.mario.inspired.jacob.world,Arcade and Action
com.groggy.blondjokes,Comics
com.sonyericsson.androidapp.appkey,Photography
com.a164361856850219d5da543e5a.a56903589a,Tools
com.appspot.exploreinandroid2010.animalsound,Education
appinventor.ai_nb12sp.FreeRx,Shopping
com.FacebookLeaversApp,Social
com.appspot.swisscodemonkeys.pickup,Social
com.fitch.jewelsquest,Brain and Puzzle
com.app.qrcodereader,Productivity
cc.chess,Racing
dragon.rushing,Sports Games
com.wfld.android.weather,Weather
com.sendsms.nearestplacesandmaps,Travel and Local
securenvoy.softtoken.android,Business
com.istomgames.nyanjump,Casual
com.vienom.kb.rocko,Books and Reference
com.zumba.commerce.android,Social
adonai.diary_browser,Social
com.stardev.randomayat,Books and Reference
com.pinger.textfree,Communication
com.gi.ksm2.lite,Music and Audio
com.dreamcortex.mypetpandigomagicword,Education
com.riadd.cw,Cards and Casino
com.conduit.app_16df8fc0f0a14782974124ca74f01f09.app,News and Magazines
com.ericom.accesstogobyericom,Business
com.digipom.easyvoicerecorder.pro,Productivity
com.sbardyuk.animalphotos,Lifestyle
com.goldenapples.mythology,Arcade and Action
com.frankburmo.android.tbane,Transportation
com.keradi.instantsounds,Music and Audio
air.RadarVideoCall,Communication
no.bouvet.kolumbus.routeplanner,Transportation
at.software.vn.collagelove,Photography
ru.worldbestappsangames.mafiaweaponsimulator,Entertainment
com.wSpencersGifts,Comics
com.ryanolson.adw.ubuntu,Personalization
com.rollsroyc3.photoviewerforfacebook,Photography
ebook.epub.download.reader,Arcade and Action
jjsoft.mazeworld.demo,Casual
com.panusmos.minicajon,Communication
com.madapper.mycreditscore,Finance
com.webmd.baby,Medical
com.vascogames.NinjaMotocross2,Racing
com.soni.desi.radio,Music and Audio
fr.cityway.android.vialsace,Transportation
com.mosaicturelite,Photography
com.droidappworld.fiveminuteadworkouts,Health and Fitness
net.daum.android.with,Photography
it.sharksoft.streaming,Media and Video
com.cbs.sportsapp.android.text,Sports
com.funny.haha.jokes.alcohol,Comics
com.othelloplus.android.komik,Comics
com.shams.prefix,Communication
ru.galaxyappsandgames.neonstarswords,Arcade and Action
com.tangowire.app,Social
com.xianqing.driving3d,Racing
air.ynfo.meteowowfree,Weather
com.billybobbain.android.todoqueue,Productivity
air.DAILYDRESSUP,Casual
com.purpletalk.downlaodmanager,Tools
com.morgoo.launcher,Personalization
jp.co.so_da.android.collon,Photography
org.dougwise.euroconvert,Finance
com.twopersonstudio.games.spit,Arcade and Action
com.learn.scare,Photography
com.theaa.aabob.pub,Travel and Local
com.gau.go.weatherex.language.tr,Weather
gr.isystem.makeup,Photography
com.doolabs.fart,Entertainment
com.tizmoplay.androgens,Arcade and Action
download.musikmp3.gratis7,Music and Audio
com.shimba.android.video,Media and Video
com.zodiakactive.lovemirror,Photography
rubberbigpepper.VideoReg,Transportation
com.nextTrainIreland,Transportation
com.incrediapp.fake.call.shake.me.out.of.here.lite,Communication
com.felix.nia,Books and Reference
three.football.livewallpaper,Sports Games
magory.spacebubbles,Casual
com.GameDayMonitor.Football,Sports Games
com.jollyjollybean.usaffree,Casual
com.proximity3.hdlandscapes,Photography
com.cnasoft.dictek,Productivity
com.mdigit.soundwidget,Tools
com.dharmikapps.durgaaarti,Books and Reference
rubberbigpepper.VolumeControl,Media and Video
mp.andro.ALabyrinth,Sports Games
ch.racic.comicviewer.beule,Comics
com.ic.myfueltracker,Transportation
com.leventbb.miniimagestudio,Photography
com.ebiz.scarystory,Books and Reference
com.esd.diseasedictionary,Medical
com.androidity.wallpaper.paddock,Racing
com.contapps.android.call_log,Communication
com.music.dj.live.wallpaper,Music and Audio
com.gameinsight.bbdeluxe,Business
com.gau.go.launcherex.gowidget.searchwidget,Comics
it.beppi.ryzm,Music and Audio
com.jb.gosms.theme.aGalaxyTHeme,Personalization
com.acarasoft.syncmanager,Business
com.czajnik.collage,Photography
com.ensight.android.soundmassage,Health and Fitness
cn.zhenyun.hd.fengjing,Personalization
com.pstudio.wallcoin3d,Personalization
com.scb.goodlife.android.sg,Shopping
com.heavensabove,Transportation
com.azwstudios.lifequotes,Books and Reference
com.ratrodstudio.driftmania2,Racing
com.mmss.thirukural,Photography
com.cochibo.arrowfree,Transportation
com.piigames.bowman,Arcade and Action
dd.UrduQaida,Education
com.handmark.emoji,Communication
com.qurantahfez.main,Books and Reference
com.kozaxinan.locator,Travel and Local
com.smartdriver,Business
com.dikkar.moodscanner,Shopping
jp.co.pointzero.cashdozergbp,Cards and Casino
sf.easyplaylist.android,Music and Audio
com.realdriftportnew.sipon,Racing
net.anzix.names,Tools
com.floor51.android.pulsepaper,Personalization
com.digitalchocolate.androidainfinity,Arcade and Action
com.clzman.nesfclite,Arcade and Action
com.flaki.systemcleaner,Tools
com.skydev.irctc,Travel and Local
com.feasy.app.memory.HelloKids,Cards and Casino
com.doapps.android.mln.MLN_f047badedc87ba99251ba8fb5345f700,News and Magazines
com.lordmarty.mumbleclient,Arcade and Action
com.dommainname.ExtremeTruckConstruction,Racing
com.kidga.quadris,Brain and Puzzle
org.hanoo.weathermap,Weather
com.calculator.mortgagePro,Business
appinventor.ai_wisdomstorylesson.makemoneysellingonebay,Business
com.colakey.T61.firstaid.C001,Medical
com.bestserviceapp.l,Casual
com.lecz.android.tiltmazes,Sports Games
com.sanfrantranztransitz,Transportation
com.ggdroid.engine,Brain and Puzzle
com.rocky.strawberryclockwidget,Comics
net.ib.notification,Communication
net.l_apps.liquid,Photography
com.drawlogos.net.fifa,Education
jp.co.capa.secure_mailer_lite,Business
biz.mobilefax.mobilefax_android,Business
com.gau.go.launcherex.theme.ZRomantic,Comics
com.handcent.plugin.groupsms.helper5,Communication
com.pink.keyboard,Personalization
com.Vertifi.DeposZip.P263182794,Finance
com.g6677.android.dus,Casual
com.koolappz.EP77701920001,Business
com.blundell.hit,Health and Fitness
com.smule.magicpiano,Music and Audio
cr.co.trackit.navigar,Travel and Local
com.droidhermes.birdattack,Arcade and Action
com.developer5.musicvk,Music and Audio
com.Cerberus.StreetDrag3DLite,Racing
com.neptunegmc.ziplorer,Productivity
mrrykler.android.calccalc,Education
eu.borzaindustries.mileycyrus,Arcade and Action
com.sharj.trafik,Travel and Local
com.Alawar.AlabamaSmithPompeiiLite,Arcade and Action
com.odesys.yukon.ads,Cards and Casino
com.kiwitax.gstcalculator,Business
ru.redspell.smallfarm,Casual
com.zeus.nringtones,Music and Audio
com.teamcarbon.theme.gowidget.sulphuryellow_free,Personalization
com.imsi.TurboViewer.Free,Productivity
net.cwfk.ig88.carmode,Racing
com.AndPhone.game.Sperminator,Arcade and Action
com.mgoldprice,Finance
com.jb.mms.theme.springtime,Communication
com.glu.ewarriors2.pt,Arcade and Action
com.shine.poems,Books and Reference
com.actsoft.awf,Business
com.longcat.drinkingsongs,Music and Audio
com.idonteam.hackwifi,Communication
com.anishu.homebudget.lite,Finance
com.english.numbers.demo,Education
com.vivianaranha.kamasutralite,Photography
com.banjen.app.clothingsize,Shopping
com.crimsonpine.solitairechampionhd.klondike,Cards and Casino
com.sjh.popupcamera,Photography
com.hamt.HamtClock,Social
com.motorola.nfcauthenticator,Casual
com.poshmark.app,Shopping
com.madrabbit.spotit,Brain and Puzzle
com.pi.app.sms.collection,Social
pk.com.tcs,News and Magazines
appinventor.ai_drsalmanshah165.GPE_Ads,Education
au.com.mcnetwork.motoscooterparking,Transportation
com.max.BreakUpLines,Social
net.the4thdimension.html5supported,Communication
com.alt12.pinkpadpro,Health and Fitness
com.lily.ball,Sports Games
appslabz.EMICalculator,Finance
my.dubstep.rings.first,Music and Audio
br.filipetorio.financas.ajffinance,Finance
com.keyfun.animationpv,Media and Video
com.rememberthemilk.MobileRTM,Productivity
com.ihturkmen.kayyuizle2,Communication
com.timekey.dotsnboxes,Brain and Puzzle
com.appdevcorner.vaktija,Health and Fitness
ru.yandex.fotki,Photography
com.retro.clock.grey.widget,Weather
com.radioopt.widget,Travel and Local
com.thunderbull_entertainment.worldcup2013,Sports Games
com.resonos.apps.fractal.ifs,Casual
net.strelkov.widget,Personalization
com.cartavi,Business
com.bipmo.phrasebooklite,Education
appinventor.ai_au_andpoint.Cashflow,Education
com.the7art.aromaclock,Personalization
com.killerud.donation,Libraries and Demo
com.afl.flirt.view,Communication
blackdroid.widget.christmas,Casual
com.machinetoonsapps.wp3dangelswarriors,Sports
com.epicomm.mobilecoupons,Shopping
com.monkeyfly.android.bubble.TVMonP2,Arcade and Action
com.flatter.android.highwayrider,Racing
free.top10.ebooks,Books and Reference
com.vbulletin.vbulletin,Business
com.corocorocat.bijobook,Entertainment
com.hotteststudio.epubreader,News and Magazines
com.body.fat.estimation.us.navy,Health and Fitness
se.seb.estonia,Finance
livio.pack.lang.es_ES,Books and Reference
com.graytv.android.wtapnews,News and Magazines
com.wTransportinTallinn,Transportation
sitoplex.AutoRecorder,Health and Fitness
com.mstream.etpc,Communication
com.carboni.fightsongs,Music and Audio
app.FinalFutureSMS,Communication
com.wonderbrothers.tubeanywhereonline,Media and Video
jp.co.so_da.android.mangagenerator,Photography
air.com.differencegames.hohauntedhouse,Casual
com.naushad.asaannamaz,Books and Reference
com.itbenefit.android.paperracing,Racing
com.islam.halalcheck,Lifestyle
com.gudensoft.nwsservice,Weather
com.simpleirc,Social
com.amem,Tools
com.cyfraplus.canalsport,Sports
air.ferreiradevelopment.helicopterAirRescueLite,Travel and Local
us.xyzw.star3map,Arcade and Action
com.obv.google.worldpoolonline,Sports Games
air.org.syncon.ODBViewer,News and Magazines
cmm.jiji2013.dandelion.s4,Personalization
com.garland.giftlistpro,Productivity
it.qbit.nhktv,Tools
br.com.hd1.graziani,Education
com.rses.lwp.matrix,Personalization
com.madrabbit.findthedifference,Brain and Puzzle
com.wPDRMBlackListInquiry,Shopping
slot.game.progressiveslotmachine,Cards and Casino
com.oldschool.Solitaire,Cards and Casino
com.brickdev.android.handymatelite,Productivity
com.aheadsolutions.hangman.christmas,Brain and Puzzle
com.tappocket.waterpark2,Racing
com.chillingo.deadahead.rowgplay,Arcade and Action
net.red_cat.kfccoupon,Shopping
am.tir.z.proximitycamera,Photography
br.com.tapps.myvirtualcat,Casual
PK.KAMKOK,Shopping
com.scottish.whisky.news,News and Magazines
net.ttct.alsalah,Lifestyle
drowning.zebra.allmyenemieslite,Arcade and Action
com.coudriet.weatherradio,Weather
com.androiddevelopermx.blogspot.bone,Medical
org.dilbertapp.bitsraven,Comics
com.smartbench.twelve,Tools
com.n7mobile.nplayer,Music and Audio
com.sri.healthtips,Medical
com.arcao.geocaching4locus,Transportation
eu.softwareworkshop.liedetector,Entertainment
free.str.vlc,Media and Video
jp.cane.android.cobaltblue3,Communication
com.gameloft.android.ANMP.GloftDKHM,Arcade and Action
ca.uoguelph.cmer.heatstress,Medical
ru.gelin.android.weather.notification.skin.biggertext,Weather
com.kamoland.ytlog,Transportation
com.ezjoynetwork.jewelsminer,Brain and Puzzle
com.game.card,Arcade and Action
factory.widgets.ThreeDDigitalWeatherClock,Weather
pl.hculap.howhotareyou,Social
com.whitepages.cricket411,Travel and Local
sjc.gtc1,Education
com.gau.go.launcherex.theme.Christmascard,Personalization
air.com.dozengames.FloorsEscape,Brain and Puzzle
com.wilcohess.finder,Shopping
com.mshift.android.visionsfcu,Finance
com.lyEffect,Music and Audio
com.bitcasa.android,Media and Video
com.neomit.market.diarios.honduras,News and Magazines
com.heineken.cup,Sports
com.moaibot.sweetyheaven,Casual
tool.media.photo.editor,Photography
com.BirthdayWisher,Social
air.coim,Medical
com.ZnakiZodiakaFree,Lifestyle
sg.megapixel.promo.near.you.PromoNearYou,Shopping
com.caremark.caremark,Medical
com.gameloft.android.ANMP.GloftMTHM,Arcade and Action
drowning.zebra.citystrike,Arcade and Action
pdu.com.codnes,Casual
com.g5e.spiritwalkers.android,Brain and Puzzle
mobi.brainrg.israstocks,Finance
com.mfoundry.mb.android.mb_prdcu,Finance
md.apps.h2o,Health and Fitness
me.tidesnear.paid,Weather
com.wsaz.android.weather,Weather
com.app.bao.malaysia,News and Magazines
com.snowbound.pockettool.free,Arcade and Action
com.ics.controladorgastos,Finance
tablet.pcs,Shopping
com.KidsMemoryGameBalloons,Education
couk.yourbusinessapp.darts_score,Sports Games
com.apkgame8.destroyer2,Arcade and Action
com.xiaad.android.thermometertrial,Weather
com.euptera.taxmaster,Finance
com.grantech.massagemap3dfree,Medical
com.qll.sb009,Books and Reference
com.app.samedaycourier,Business
com.ditang.ringtonefree,Music and Audio
com.mobincube.android.sc_E1T1P.app_37807,Health and Fitness
com.fungames4all.abcjigsawpuzzle,Education
com.photo.collage.creator.frame.picture.free.pro,Photography
com.anndconsulting.mancala,Brain and Puzzle
com.zhiyuan.jipin.youlun,Racing
com.superphunlabs.speedgauge,Transportation
play.ibibo.canyoudraw,Brain and Puzzle
com.androidwasabi.livewallpaper.nexus5,Personalization
com.game.good.cribbage,Cards and Casino
com.ethiopianradio.access,Music and Audio
com.project_x.ARShooting,Entertainment
com.vvse.sunfacts,Photography
com.gnnetcom.jabraservice,Communication
com.apacesolutions.letstalkarabic,Education
air.bg.onair.OnAirMobile,News and Magazines
com.tvt.network.portugal,Libraries and Demo
net.topfuncoolgames.burgerfriends,Casual
jp.dcworks.digitalehon.ashes,Comics
com.g5e.strix.android,Brain and Puzzle
com.system.tool.increase.wifi,Communication
net.manageapps.MrCheckpoint,Social
com.andromo.dev189611.app237420,Music and Audio
au.com.mcnetwork.motordealerworkshop,Business
com.escogitare.memory,Brain and Puzzle
com.doapps.android.mln.MLN_ae1eaa32d10b6c886981755d579fb4d8,News and Magazines
com.apps.Tides,Weather
com.nellasoft.soccerlive,Sports
jp.sugitom.android.furoneko,Casual
com.yingwen.advcalfree,Finance
com.enrasoft.scratchthat.placequiz,Arcade and Action
it.mtbforum.trainingcamp,Health and Fitness
com.qmind.photohub,Photography
com.paad.turmeter,Transportation
de.esymetric.rungps_lite,Sports
com.jintin.jcurrency,Finance
com.sulaba.circuitracer2,Racing
com.naomicsoft.naomic,Arcade and Action
com.aditya.app,Cards and Casino
com.ebookers.hotel,Travel and Local
droidlabel.blogspot.FootballLiveStream,Sports Games
com.droidberg.assortedteeadfree,News and Magazines
com.digitaloranges.planetariaxads,Arcade and Action
eu.zuranski.kzsimplevoicerecorder,Music and Audio
com.ylTop.ylSunset,Personalization
com.yuandroid.touchPTT,Education
com.xzTechno,Music and Audio
com.whiture.ngo.tamil.thirukural.donate,Social
com.demo.android.testing,Health and Fitness
com.cochibo.arrow,Transportation
net.at4.emt,Transportation
org.hermit.audalyzer,Brain and Puzzle
com.mobilerise.weather.imp,Weather
com.dencreak.dlcalculator,Business
com.graphicly.walkingdead1,Casual
com.ittus.flashlight,Tools
com.conduit.app_a82d61eab4fb4c38ad12545edaf810da.app,News and Magazines
com.schwimmer.android.togglebluetooth,Tools
com.unkasoft.android.enumerados,Cards and Casino
com.jiubang.goscreenlock.theme.diva,Productivity
de.ibedelmann.as,Music and Audio
com.graphilos.apkinst,Productivity
kr.pe.app.kakaogallery,Photography
com.riva.buraco.lite,Cards and Casino
com.cardgame.durak,Cards and Casino
com.tobyyaa.superbattery,Tools
com.manatlan.apps.gainabs,Health and Fitness
com.marmalade.decathlon,Arcade and Action
sg.gov.nea,Medical
com.animoca.prettyPetSalonHD,Casual
com.ebroadcast.tvguide.au.free,Entertainment
org.icount.beer,Transportation
nuggetgames.black.light,Tools
com.rundouble.authfivek,Health and Fitness
com.apptoolkit.android.snake,Libraries and Demo
com.classifiedconcepts.app.garagesale.mopa,Shopping
appinventor.ai_stephan_laschet.MadeInEnglish,Shopping
com.lathconsultants.tax_calculator,Finance
com.fannsoftware.batterywidget,Tools
com.Baraban.NewtonCr,Personalization
com.resetgame.par3golf,Sports Games
com.lzPopular,Music and Audio
com.mobage.ww.a1178.Slots777_Android,Cards and Casino
com.won.smartpay,Business
com.secondphoneapps.SpaLocationJumperFree,Social
virtue.rubens.projects.wedding.album,Photography
com.sachi.shrimad_bhagavad_gita_in_hindi.AOTZADJWMPGTBMD,Comics
com.suremcx,Finance
com.phoneBook.pro,Communication
com.dm.paok,News and Magazines
com.maize.CardMagic,Tools
com.vesperaNovus.app.StartupAuditorFree,Productivity
com.xoom.app.seeker.lite,Brain and Puzzle
mk.g6.taxi.taxilondon,Transportation
com.mixmezcla.repelente,Personalization
com.fusionio.imagedistorter,Entertainment
com.peaksel.jesuswallpapers,Personalization
jp.us.hi.kaz.pkg,Media and Video
edu.one2onemedicine.oscetrainer,Transportation
com.wanted_poster_maker_midtics2,Photography
com.ms_gnet.town,Arcade and Action
com.goodsoft.battleship,Lifestyle
migifun.trackbuilder.lite,Health and Fitness
it.pinenuts.technews,News and Magazines
get.daily.bible.verses,Books and Reference
com.innovate.delhimetro,Transportation
com.strato.hidrive,Productivity
com.vecal.vcorganizerentplus,Business
teamcorbin.crosslog,Health and Fitness
com.loloworks.llzbs,Arcade and Action
com.camperapp.android.next,Productivity
com.mstocksapp,Finance
br.com.gtlsistemas.imagenspalavra,Brain and Puzzle
com.appmakr.app267241,News and Magazines
com.schichtplan,Productivity
com.androidpixels.watercamera,Photography
es.classe.sppee,Medical
ru.gelin.android.weather.notification.skin.whitetextplus,Weather
air.com.empiregames.fungirlgames,Casual
com.iparse.maps,Finance
com.HD_Flash_Video_Player_20524,Media and Video
com.airfree.apps.HongKongRadio,News and Magazines
com.sigmaphone.topmedfree,Medical
com.canvasgames.jewel.lite,Brain and Puzzle
com.octopepper.yummypets,Social
com.xtralogic.android.logcollector,Business
com.truecontext.prontoforms,Business
CP.iCarCheck,Business
sts.pl,Arcade and Action
com.cbssports.fbb,Sports
com.ezjoynetwork.jewelslink,Casual
zs.redvoznje,Transportation
net.orizinal.subway,Transportation
com.sturtz.daysuntilwidget,Productivity
jp.co.ponos.mrspacelite,Arcade and Action
com.mns.kawbubawuibo,Brain and Puzzle
com.personalitymdfree.app.main,Health and Fitness
com.ezjoynetwork.fielddefender,Arcade and Action
com.detxxn.memeitor,Casual
com.kiwilwp.livewallpaper.note3,Personalization
com.sg.js.Mahjong,Brain and Puzzle
com.keramidas.MarketUpdateHelper,Tools
com.mgroup.nbook7,Books and Reference
com.hairstyles.school,Casual
com.DoodleText.icons.pack.Valentines1,Photography
com.x19.xlive,Social
com.acesboxing.AcesBoxingClubRoundTimer,Health and Fitness
com.secondnature.scoutlook,Weather
com.sinimanes.mobile,Travel and Local
com.kinostyle.wallpaper.halloween,Comics
com.adimoleas.android.SuperBlueFree,Social
com.seekingalpha.dividend,Finance
ekri.bimb.text.com,Communication
com.betteryourdroid.donateadollar,Personalization
com.bubblesoft.android.airbubble,Music and Audio
ro.bgx.macao,Cards and Casino
com.v1_4.ultimateeminemapplite.com,Music and Audio
com.luke.tangpoetry,Books and Reference
com.jannis.racer,Racing
com.CastleApp.WhatTheFact,Social
com.appcastnet.easycheckin,Social
com.my186soft.android.shoot,Entertainment
com.tranzmedia.Commodity_Online,Finance
de.applicate.android.numbervalidator,Cards and Casino
com.sadetta.motocrossmasters.premium,Racing
pl.mobiem.android.tetno,Photography
com.dc.asianageapp.view,News and Magazines
com.vivoti.trueweather3dmaldives,Weather
pt.isec.am.sb.sobedesce,Cards and Casino
com.kfactormedia.mychristmastree,Social
com.thunderbull_entertainment.amazingspeed,Racing
com.endpermian.cliffdiving.free,Racing
nl.cbal,Music and Audio
com.woio.android.weather,Weather
com.beamwallet,Finance
com.ellipselab.android.transparentscreen.free,Entertainment
pl.nk.m.android,Social
com.navyfederal.android,Finance
mdr.findashboard,Finance
com.jb.gosms.theme.getjar.glass,Communication
com.bitoon.BasketDudes3PointShotContest,Sports Games
com.ga.emulator.bios,Business
com.danielalanhill.railhopper,Transportation
myPantry.Droid,Shopping
co.speeq.plen,Education
com.gau.go.launcherex.theme.abluex.getjar,Personalization
sharma.tutorials.bank_exam_answers,Finance
es.zaragoza.estaziona,Travel and Local
com.trendsource.msimobile,Business
com.bobisoft.wallpaper.colorfulsmoke,Personalization
com.jppjff.deal,Shopping
com.conduit.app_8c5ef0b0d2154c84a6f979ef9d6043f9.app,Finance
com.asana.app,Productivity
com.aidem.android.solitaire,Cards and Casino
com.desaxedstudios.bassboosterpro,Music and Audio
com.epazzzsoftware.giftsultimatefree,Finance
com.lunagames.am_Siren,Entertainment
com.gau.go.launcherex.theme.idiwuq,Personalization
com.guywmustang.autorotatewidget,Tools
com.wdl.landidistributori,Transportation
com.apostek.apps.santas_helper,Arcade and Action
com.hyb.dota,Cards and Casino
com.thirtySouth.SkiTrackerFree,Health and Fitness
com.kpoptube,Music and Audio
gps.ils.vor.glasscockpit,Transportation
com.jb.gosmspro.theme.go,Communication
com.sonyericsson.extras.liveware.extension.call_log,Communication
com.asc.android.bartusher,Transportation
com.photofunface,Photography
air.com.Spindaboom.LearningUkuleleIn7DaysLite,Education
in.plackal.lovecyclesfree,Productivity
com.dq.fotometro,Photography
com.abdullahsolutions.solatmalaysia,Lifestyle
com.RecordingAppAdcoms,Productivity
com.FireworksLiveWallpapers,Personalization
org.healthmap.outbreaksnearme,News and Magazines
com.juliadictionaryinc.biochemistry,Medical
com.trendygames.DutyDriverTaxiLITE,Arcade and Action
com.mobileroadie.app_1339,Lifestyle
com.klondikecc.photosketch,Photography
com.advancedtinylab.crossthebridge,Racing
com.dipper.brickworld,Brain and Puzzle
com.fashiolista,Casual
com.photofeed.android,Photography
refill.my.metrocard,Finance
net.kreci.crackedscreen,Entertainment
com.flayvr.flayvr,Photography
it.giochipreziosi.cupets,Casual
com.lazy.numberblocker,Communication
com.manbp.easytiepro,Books and Reference
com.a212754645650b4edbb152260a.a88030717a,Health and Fitness
ics.languagepack.cs,Libraries and Demo
com.autonoma.proximityproject,Business
com.ifanmedia.kfan,News and Magazines
lorvensofttech.com.prabhupada,Comics
jp.grasshopper.android.skydrive,Productivity
com.bloomberg.android.anywhere,Entertainment
fxware.cguide,Finance
com.magmamobile.game.Freecell,Cards and Casino
com.intel.ark,Shopping
com.mydriver.customer,Books and Reference
com.nordcurrent.happychef2,Arcade and Action
com.samsung.contest,Arcade and Action
com.rally_campions,Music and Audio
com.games2win.trailerparking,Racing
com.mtc,Transportation
com.ap.WootChecker,Shopping
com.ma.android,Shopping
com.casty.android,Photography
com.appbuilder.u16773p104434,Shopping
com.sgn.DressUp.GirlParty,Casual
jp.gr.tokotoko.oggDroid,Libraries and Demo
com.KreatifMuslim.Surah_Yaasin_dan_Tahlil_Arwah,Education
com.oyatsukai.finalfwycoin,Racing
com.dkeesto.digitalfluxfree,Personalization
com.Actiongames.GhostGun.en,Arcade and Action
com.bajic.exyudroidfm,Music and Audio
com.geekadoo,Cards and Casino
com.navaile.checklist,Health and Fitness
com.honeycomber.six.pack.abs.training,Health and Fitness
ws.websca.bitcointicker,Finance
com.osolutionsinc.learnabc,Education
de.zalando.mobile,Shopping
com.blueskyapps.worldcupcountdown,Sports Games
com.gau.go.launcherex.theme.Kpanda,Productivity
com.greatbytes.fastreboot,Tools
com.quaditworld.Ayurvedic_Herbs,Medical
com.appbuilder.u112617p220198,Media and Video
com.anysoftkeyboard.languagepack.spain,Libraries and Demo
brd.bankingapp.android,Finance
com.jb.gosms.webtheme.clubpenguin,Communication
com.orbar.weezeltheme,Weather
com.dooub.shake.tnshake,Arcade and Action
com.peaksel.makkahlive247,Media and Video
com.jb.gosms.theme.getjar.beach,Communication
us.zig.dslr,Business
com.appbuilder.u25873p42842,Business
com.runningrico.alienvszombies,Arcade and Action
com.magmamobile.game.Cube,Brain and Puzzle
say.hello.manchesterunited,Sports
com.phdmobi.timescity,Travel and Local
org.herozero,Arcade and Action
com.rangfei.game.plane,Education
ch.papers.alights,Tools
com.lylynx.distortedcamera,Photography
com.submad.waterfall.free,Photography
com.sappz.TrackerGPS,Travel and Local
girl.game.bella1,Casual
capitals.quiz.world.national.names.learn,Brain and Puzzle
jp.co.turbulence_design.futsaltacticsboard_free,Medical
com.versaedge.android.wdwwaits,Casual
me.fasttest.satwords,Education
dowill.breakPhone,Entertainment
com.herocraft.game.farmfrenzy,Casual
pl.blip20,Social
com.ganzogo.gamelan,Music and Audio
com.bestboomgames.bigboatdash,Racing
identity.android.CameraSelfTimer,Media and Video
air.jp.co.winc.hair.change.free,Productivity
denis.doronin.android.currencynbu,Finance
com.sivart.wordcrank,Brain and Puzzle
com.feasy.app.memory.CuteDrops,Sports Games
com.hzwp.SDJ,Personalization
com.funny.haha.jokes.litterjohnny,Comics
com.rollingstorm.metrominder,Transportation
guardanus.dreamer,Health and Fitness
com.sillycube.android.breakitfree,Arcade and Action
net.kairosoft.android.paddock_en,Racing
com.webcipe.wineguru,Lifestyle
app.rvdonations,Business
com.espo,Transportation
com.polpoc.boobspremium,Casual
com.rss.androidpaper,News and Magazines
com.DJmoon,Entertainment
jp.eguchi.android.vpnshow,Entertainment
com.lego.duplo.trains,Casual
com.livedoor.android.folkat,Arcade and Action
com.themesfordroid.leopardthemegosmspro,Personalization
jp.co.so_da.android.samuraicamera,Photography
com.apptivateme.next.la,Entertainment
com.musictapp.djholiday,Music and Audio
com.mobtopus.magiceffectsfree,Photography
mantra.of.all.indian.god,Music and Audio
com.wagachat.itunespodcast,Productivity
com.tmobile.d411,Transportation
com.mantano.reader.android.lite,Books and Reference
com.github.qrgen,Productivity
com.naaptol.NaaptolMobileApp,Shopping
com.mjworld.number_fruit2_free2,Education
com.holfeld.koreanwordsfree,Education
com.etrade.mobilepro.activity,Finance
com.jonbolt.dashclock.facebook,Social
com.openkava.cartoon.picture,Personalization
com.androlizer.yify.torrent,Media and Video
DDm.Rename.Wallpaper8002,Casual
com.appletreebook.threelittlepigs,Books and Reference
com.freetheapps.framesfree,Arcade and Action
nz.gen.geek_central.porter_duff_browser,Libraries and Demo
listen.english,Productivity
com.meecel.feedreader.RssDemonWhiteAd,News and Magazines
com.rotowire.news,Sports
com.mumblefish.tattooyourself,Casual
com.magnolialabs.udr,Lifestyle
com.textalertfree,Communication
com.bookandroid.howtogetwomen,Books and Reference
com.superandroix,Arcade and Action
com.zielok.icecream,Casual
com.battlelancer.seriesguide,Social
com.ravensinc.Musictube,Music and Audio
air.PARISGIRL,Casual
fun.progressus.si,Media and Video
com.collectiveray.aspire,News and Magazines
ch.handyapps.rcrally,Racing
com.mostlyunix.lexiqon,Travel and Local
com.jham.weathercayh,Weather
com.artefactsoft.daf,Business
com.km.camera.multicamera,Photography
net.kreci.drums,Music and Audio
com.sixpack,Health and Fitness
com.zentertain.slotssaga2,Cards and Casino
za.co.snapplify.peanutscomics,Comics
com.ctinfotech.snake,Cards and Casino
cn.bluesky.classicsokoban,Brain and Puzzle
com.foxkalomaskicrossing.papajohns,Shopping
com.loveframes.android,Photography
com.gemoro.basicfit,Health and Fitness
com.playup.android,Sports
com.spinachsoftware.immigration.uscis.casestatus,Tools
com.target.ui,Shopping
dk.dba.android,Shopping
com.greenlogger.tenis,Tools
com.funkboxing.led_controller,Communication
codecore.widget,Tools
air.top.free.fun.game.Tiny_Robber_Bob,Health and Fitness
com.myitexperts.theocraticradio,Arcade and Action
com.degoo.android.feedbaby,Health and Fitness
com.coocoo,Travel and Local
in.lifeinindia.gayatrimantra,Lifestyle
com.app.copticreader,Books and Reference
com.mickolasjae.workout,Health and Fitness
com.gau.go.launcherex.theme.xiaoyaoji,Comics
com.speed.internet.turbo.booster.fast,Tools
com.secretexit.dismount,Arcade and Action
com.softick.android.golf,Cards and Casino
com.azugame.parkingCar,Racing
com.scotiabank.scotiaitrade,Finance
nhu.csie.mazs.taipei_wifi,Communication
com.sun.tracker,Weather
pl.espectrum.cardust.free,Arcade and Action
skjelland.net.words,Brain and Puzzle
kr.co.mokey.mokeywallpaper_v3,Personalization
com.demerjee.CountdownTimer,Tools
com.garmin.android.apps.fitness,Health and Fitness
nadsoft.pythonprogrammingreferencefree,Productivity
com.tvt,Media and Video
com.lf.lfvtandroid,Health and Fitness
com.darts501.shoot,Sports Games
com.alrwabeeapp.cartoons,Education
com.PoliceSiren,Entertainment
com.teachersparadise.japanesealphabetkatakanahandwriting,Education
com.asanka.nightclockhd,Lifestyle
com.w6soft.videoedit,Media and Video
com.mobilog.ramadhanapp,Books and Reference
com.pjw.atrl,Music and Audio
com.xdroid.iphone4.lighter,Entertainment
com.futurewisetechnologies.mobile.shottimer,Arcade and Action
com.ctinfotech.newegg,Shopping
com.mobilereference.TravelIstanbulAppFree,Travel and Local
com.gau.go.launcherex.theme.oserfigl,Personalization
com.diariosperu.android,News and Magazines
com.allsnow.android,Transportation
com.teamsoft.copter,Cards and Casino
com.adhdstudios.afwkawaii,Tools
com.hotrod.reference.britishmonarchy,Productivity
com.gamereactor,News and Magazines
com.cerience.reader.app,Business
com.icloudzone.crazyclimber,Arcade and Action
com.peshal.soundrecorder,Music and Audio
com.apofiss.littlesparrowlite,Personalization
com.appsverse.privatebrowser,Communication
com.clive.scroll,Cards and Casino
com.gamelion.slots,Cards and Casino
com.domobile.iworkout.back,Health and Fitness
com.dingerapps.drtunes,Racing
com.mgna.lametro.bus.checker,Transportation
com.mobimind.aprendecoloreando,Entertainment
com.jiubang.goscreenlock.theme.HallowScarecrow,Comics
nation.android.supernews.nation,Sports
com.sonyericsson.extras.liveview.plugins.taillamp,Communication
com.mikrosonic.DroidVox,Communication
com.paperlit.android.wprost,News and Magazines
hami.nezneika.keeksaver,Media and Video
com.doenter.android.vpn.fivevpn,Tools
com.asiaapp.joke.all,Comics
com.appwidget.aurora.battery.mini,Tools
com.apolloss.RCRacer,Racing
air.com.fracturedvisionmedia.MobileApp,Tools
com.happy.little.dentist,Casual
com.randomsaladgames.bubblestar,Casual
com.TvStreamer.apps,Media and Video
com.DoodleText.icons.pack.Butterflies,Photography
opotech.starfieldLWP,Personalization
com.androidesimple.multiplicar,Education
com.jw.android.gc,Sports
com.texterity.android.SupplyChainQuarterly,Business
com.remoba.eas.mobile.ui.activity,Business
com.nubee.coinpirates,Arcade and Action
com.msf.opx,Finance
com.g3.android.widgets.internalm,Weather
com.biganiseed.ladder.trial,Health and Fitness
com.samsungimaging.connectionmanager,Photography
com.moodagent.android,Music and Audio
net.gravis.concentration_free,Personalization
irdc.ex03_02,Medical
air.com.mobestmedia.quickescapejail,Brain and Puzzle
com.ainy.luoUniverse,Medical
com.pandacalculator,Education
net.jimblackler.newswidget,Weather
com.objectgraph.scarypiano,Photography
com.fandango.regal,Entertainment
com.outthinking.stickers,Photography
air.AnatomyStarBrain,Medical
com.ldw.android.fishtycoon.lite,Sports Games
com.samsung.extreme.masking,Photography
bside.extremeambient.net.euro2012,Productivity
ru.gelin.android.weather.notification.skin.blacktext,Weather
com.iCubicles.CeKup.ASCamcorder,Media and Video
uk.co.broadbandspeedchecker,Transportation
themes.go.launcherex.theme.futuretheme,Personalization
radonsoft.net.trakme,Transportation
sud.whereto.GoogleMaps,Travel and Local
com.bmawasy.children.arabicalpha,Education
kr.sira.metal,Tools
com.allah.allah.live_wallpaper.livewallpaper.wallpaper.ramadan,Personalization
com.tundem.yatzyTJ,Brain and Puzzle
mds.DragonLords,Arcade and Action
com.dseffects.GoalKeeper,Sports Games
mahmed.net.synctuneswirelessfree,Music and Audio
com.androidwasabi.livewallpaper.parallax,Personalization
com.petralingua.russian,Education
comtube.ipphone.sipua,Communication
se.petersson.abc,Music and Audio
ru.sergpol.currency.lite,Finance
quintoStdio.app.jeebboo,Brain and Puzzle
demo.com.amarphadke.stocks.activity,Finance
org.texteasy,Communication
com.sai.googlemaps,Travel and Local
com.skcomms.android.dotori,Shopping
net.uwho.findme,Communication
pt.teixeira.audioplayer,Music and Audio
fi.nordea.mobilebank,Finance
com.imoblife.applock_plug_in,Business
com.bestcoolapps.atifaslamringtone,Music and Audio
de.dper.audioracer,Racing
com.afklm.mobile.android.gomobile.klm,Travel and Local
com.mindgrub.goEnglishChinese,Education
com.discipleskies.android.altimeter,Transportation
com.sidheinteractive.sif.DR,Arcade and Action
biz.leho.nevnap,Comics
appinventor.ai_kraw4enko.Rashod,Transportation
com.game.rrb2.plugin.global,Casual
com.dolcegabbana,Business
co.origami.android,Shopping
com.easyGame,Arcade and Action
flyloopproject.nexttogo,Transportation
com.gamesignacio.Dragons,Arcade and Action
air.jp.ne.hap.footcare,Entertainment
pl.baggus.barometr,Tools
com.gau.go.launcherex.theme.Graduate.GG,Personalization
desarrollo.CarLocatorPro,Travel and Local
com.android.dxtop.demo.launcher,Productivity
air.net.daum.pix,Photography
www.thebestfungames.com.americanfootballmostfun,Sports Games
com.synacor.client,News and Magazines
guiatvbrlite.com,Communication
com.camel.soft.app.simpleautotaskkiller,Productivity
com.nicjansma.minifigcollector,Photography
com.graphicly.walkingdead13,Casual
com.philips.lighting.hue,Lifestyle
com.a11798511885076968372b745a.a90286281a,Education
com.livewallpapers.lovers3d,Arcade and Action
com.EmWeather.Iconsets,Weather
com.cozi.androiduscellular,Productivity
com.desenvdroid.fnscar,Arcade and Action
air.LomoSpray,Photography
com.nerdattack.sgheadlines,News and Magazines
com.epic.haiku.android,Medical
com.smartmobilesoftware.funnyanimalsfree,Education
de.LiebesBriefDesigner,Social
org.hemelix.Highway.Rider,Racing
droids1.prasad.tirupati3d,Books and Reference
com.color.cars,Education
com.ctoutpris.android.nixieclockwidget,Weather
org.peakfinder.area.alps,Education
com.disney.toystorysmashitfree_goo,Brain and Puzzle
com.georgie.musicvu,Music and Audio
com.taobao.Motocross.a,Racing
com.fleskasoft.bestcomics,Photography
com.theronrogers.vaultypro,Photography
com.MobileDream,Books and Reference
air.com.aurumapps.google.governorOfPoker2Free,Cards and Casino
com.keithwiley.android.sheadspreet,Business
com.astra.tshirt,Photography
com.js.BabyMassage,Health and Fitness
mob.cool.hd.wallpapers.droid.bg,Personalization
com.silvercrk.solitaire_iv_free,Cards and Casino
net.follis.SaleCalc,Finance
com.csaifdialer,Communication
com.chaks.fifn,Books and Reference
com.superApp.fine.Bmwcar,Racing
com.dragonplay.dragonplaypoker,Cards and Casino
com.ispadez,Cards and Casino
air.SWVDemo,Libraries and Demo
com.kjdn.hoon.timer.free,Health and Fitness
com.game.bubbleshootmagic,Casual
kr.goodie.pianochord,Music and Audio
com.content.books.the_art_of_war,Books and Reference
com.codefortravel.skyrim_field_guide,Travel and Local
kim.travel.second,Travel and Local
com.arian.jamesadventure,Arcade and Action
com.at.autovideosregistrator,Media and Video
com.robotinvader.fooding,Arcade and Action
com.dmf.wall.MoonDragonCherryFree,Personalization
com.wizz.crosswords,Brain and Puzzle
com.jb.gosms.theme.aGanjaTheme,Personalization
com.lhd.crickchamps,Sports
cmm.liwenwen.nature.road,Casual
com.mj.eni2,Business
com.simpleradio.player,Music and Audio
yuku.morneve.app,Books and Reference
com.uncledroid.roadsidekick.lite,Transportation
com.svsgames.orderup,Casual
de.abus.vms.eytron,Media and Video
sg.gov.lta.mytransport,Travel and Local
com.fxbeta.news,Finance
com.intee.videocutter,Media and Video
com.stuckpixelinc.funnypics,Entertainment
com.truckdelivery,Racing
sg.gov.ura.pmi,Business
com.ds.need.cool.speed,Personalization
com.exam.webvieww,Books and Reference
com.iniya.android.livetv,Shopping
com.oceanhouse_media.booklcijustforgot_app,Books and Reference
com.pingshow.amper,Communication
com.hinditop,Music and Audio
com.tempo.encore,Education
com.goldbug.goldpriceslive,Finance
com.andromo.dev151984.app168829,Shopping
uk.org.managers.managementEssentials,Business
com.undercovertourist.disney.videos,Casual
com.nemustech.ncam,Media and Video
freecell.card.game,Cards and Casino
com.htcheng.rusdict,Books and Reference
com.ispeech.callerid,Books and Reference
com.digidust.elokence.akinator.freemium,Arcade and Action
com.appmakr.app548909,Medical
air.jp.or.nhk.NODPlayer,Business
com.googlecode.chartdroid,Business
com.a91695580850215d487dd554a.a37111909a,Shopping
com.rcplus,Communication
com.toneaphone.soundboard,Arcade and Action
com.inline.cotyoinu1,Books and Reference
com.arab.cartoon,Arcade and Action
com.excelatlife.worrybox,Health and Fitness
com.muo.calendarwidget,Productivity
com.sibulamy.simplefeed,Brain and Puzzle
com.twinme.free,Photography
factory.widgets.BillboardDigitalWeatherClock,Weather
com.mindgrub.goenglishfarsi,Education
com.matrixvoid.droidauctionsfull,Shopping
com.momark.ui,Shopping
com.mont,Transportation
com.diskdefrag,Productivity
com.songsFreeMusic,Music and Audio
com.FMGINC.NightlineApp,Social
com.moxtra.binder,Social
com.snappyappz.c_calc,Medical
jp.gr.java_conf.taketake.KyusokuHouden,Tools
com.livingsocial.merchantcenter,Business
net.letscorp.currencywidget,Travel and Local
hk.com.smapp.big2online,Cards and Casino
com.tss21.rightnow.fra.main,Education
net.batteryxl.open,Productivity
com.earthflare.anddroid.radioparadisewidget,Music and Audio
com.fluidtime.qando,Transportation
air.com.adobe.DCOMobile,Business
com.beltone.smartremote,Media and Video
com.lemondoo.flashlight,Tools
imob.sikh,Tools
com.bonrix.android.pos.cashregister,Business
net.cpanel.remote,Business
com.bluemoon.exokFandom,Social
com.akhbar.alalam,News and Magazines
com.harmonicapps.gaio,Tools
com.fourorange.travelguideindia,Travel and Local
com.free.android.music.player.red,Music and Audio
com.distdevs.rugbynations10,Sports Games
com.enrace.android.instantcollagemaker,Photography
com.mobilepcmonitor,Tools
com.alfive.musclestrategy,Health and Fitness
com.terrypaton.unity.pogz2,Sports Games
com.gnomeengineer.safetripornot,Arcade and Action
com.sachi.marathi_aarti_mantra.AOTVLFPYNLFCIMBA,Books and Reference
com.flygresor,Travel and Local
com.funmathtricks.lite,Education
com.roar.liveTraffic.TrafficCamHoustonFree,Transportation
com.bartsource.Miners4k,Sports Games
com.evancharlton.fml,Social
com.km.utils.learndraw,Education
com.noodlecake.blockheads,Casual
com.kayac.nakamap,Social
com.ap.StopTimer,Productivity
com.gi.playtales.gold,Books and Reference
com.tearn.kukpubs,Casual
ecolor.com,Casual
de.einsundeins.smartdrive,Productivity
com.fromthebenchgames.fmcor2014,Sports Games
com.androidwasabi.livewallpaper.lotus,Personalization
com.gamelikeapps.footballclubs,Sports Games
com.ucai.fotomarcoloveedition,Casual
com.ululu.android.apps.my_bookmark,Productivity
com.cloudspeed.animalsoundsfree,Education
com.Bola5Free,Arcade and Action
com.carl.onlinepool,Sports Games
jp.co.livedoor.ldnreader.android,News and Magazines
co.playapp.en.prohockey.boston,Sports
se.easyapp.hammarby,Sports
com.gmail.makoto_onuki.shoryuken,Cards and Casino
com.superApp.fine.lovers,Entertainment
com.gau.go.launcherex.theme.gfarm,Personalization
com.ffr.LieDetectorFree,Entertainment
pl.araneo.ptr,Travel and Local
com.starvedia.mCamView,Media and Video
com.gau.go.launcherex.theme.woodenbox.free,Books and Reference
com.bitty.kegelkatfree,Arcade and Action
jagerDevelop.Yoga,Music and Audio
sukuta.aspectcamera,Photography
vladocar.uk.weather,Weather
com.bhtx.indonesiatv,Media and Video
com.mappso.mahabharatkatha,Casual
talking.toy.funny.elephant,Entertainment
com.speedway.mobile,Shopping
com.roidgame.oilpaint,Photography
com.nklsrh.supercricketfree,Sports Games
com.aawaz.dialler,Communication
br.firandrade.sempreflamengo,Entertainment
com.figuignet.alquraan,Communication
ru.ololostudio.android.whisky,Cards and Casino
com.jb.gosms.theme.steampunk,Lifestyle
com.appsbar.HousePlans144912,Libraries and Demo
com.tmobile.vvm.application,Communication
com.pawgames.matchmania2,Brain and Puzzle
com.luandungames.DiceGame,Cards and Casino
com.glennbech.nutrinfo,Health and Fitness
com.baydin.boomerang,Communication
com.nbcuni.universal.bournelegacylwp,Personalization
com.hslsoftware.campeonatoespanhol,Sports
au.com.jtribe.firepin,Travel and Local
com.libiitech.petsalon,Casual
com.hd.live.android.wallpapers.gf.abstraction,Entertainment
shvutsh.pack.war,Cards and Casino
com.topgmms.cocktailmania,Lifestyle
com.danielpaiva.fart,Entertainment
studio.coldstream.minecraftlwp,Personalization
com.viral.newspapers.sw,News and Magazines
com.ics.weatheronmars,Weather
com.tulsaworld.android.phone.TulsaWorld,News and Magazines
com.kids.cursive.small,Books and Reference
joansoft.dailyread,News and Magazines
be1ay.vibro,Health and Fitness
com.samruston.hue,Weather
air.EtCal,Productivity
com.bulmedia.tv,Media and Video
com.imaginuity.murphyusa,Transportation
com.bubble.pop.wintrino,Casual
com.csipsimple.plugins.codecs.pack1,Productivity
com.feasy.game.MoleWhack,Arcade and Action
av.app.timetravel.lite,Lifestyle
com.bh.superflashcard.mcat.android,Education
orc.android.localtraffic,Travel and Local
com.xoopsoft.apps.bundesligatwo.free,Sports
dmiseven.games.torpedoattack3dfree,Arcade and Action
com.innocomm.innoplayer,Media and Video
com.gau.go.launcherex.theme.fd.immocmoc.fourinone,Personalization
com.gcn.alexjones,Brain and Puzzle
Diggidy.net.Bullion.Tracker.FREE.Widget,Finance
com.medical.surgical.qa.app,Medical
jp.co.so_da.android.horrorcamera,Photography
com.bigduckgames.fireworksarcade,Arcade and Action
ba.lum.deserttycoon,Casual
com.josh.jagran.android.activity.hindi,News and Magazines
com.asolab.latestnews,Music and Audio
com.just2me.sg4d,Social
com.cardtricks,Education
com.utooo.android.ruler,Tools
com.texterity.android.Pediatrics,Medical
com.MXMoto,Racing
hisanoryk.train.location,Transportation
com.CRW.ShoppingDiscount,Shopping
ar.com.geoidlabs.trucoConVira,Cards and Casino
com.SuccessQuotes.MS,Communication
edu.mit.appinventor.aicompanion3,Education
dz.algerie.android.information,Medical
com.tribok.android.livewallpaper.icsclassic.lite,Casual
air.com.pepiplay.pepibathandroid,Education
com.ixigo.mypnr,Travel and Local
com.wootus.nutrition,Health and Fitness
com.raz.ioslock,Personalization
female.russiannames.com,Medical
com.localradiofree.elsalvador,Music and Audio
com.socialnavinc.ultimatedrive,Racing
com.nfl.fantasy.android,Sports
com.andtechnology.pouch,Casual
com.breakingmedia.atl,News and Magazines
com.benjaminholfeld.speakarabicfree,Business
com.accenture.apps.amsapp,Business
com.trainey.nurse,Comics
com.elevate.pioneers.Intelligent_Diary,Tools
com.htcheng.iten,Books and Reference
org.homphysiology.neuroslice,Medical
com.aviary.android.feather.plugins.filters.tidal,Libraries and Demo
com.fbenslim.radiosNederland,Music and Audio
com.softick.android.hearts,Cards and Casino
com.mylocaltv.wfxt,Travel and Local
jp.co.sic.millionaire,Cards and Casino
com.yamaha.npcontroller,Music and Audio
com.gtx.gpstracking,Travel and Local
air.NasaSpaceViewer,Weather
com.calls.yemenfon,Lifestyle
at.lightyearapps.gtranslate,Travel and Local
co.romesoft.toddlers.coloringBook,Education
com.droidpower.phisics.fruits,Arcade and Action
com.appletreebook.cinderella,Books and Reference
mominis.Generic_Android.Pegland_Deluxe,Sports Games
com.jakyl.tilestormhd,Brain and Puzzle
com.oldnavy.snapappy,Lifestyle
com.crompts.game,Cards and Casino
com.claycuckoo.se9012,Libraries and Demo
com.mcd.ui,Sports
com.facebook.pages.app,Social
com.tigrisapps.solitaire,Cards and Casino
com.dlink.srd1.app.shareport,Business
com.pythonlu.xperiaz,Personalization
mobi.magicam.editor,Photography
com.game.treasurerun3d,Arcade and Action
com.egoclean.amipregnant,Health and Fitness
com.dodock.footylight,Sports
com.menueph.apps.photography.spynocular,Photography
appinventor.ai_jonsaputo.NurseCalcs,Medical
com.roadhouselabs.wtt,Tools
com.laftimer,Health and Fitness
com.droidsail.dsapp2sd,Cards and Casino
com.ammar.oodleviewer,Shopping
com.zentertain.slotspharaoh,Cards and Casino
com.samsung.smartviewer.light.activities,Media and Video
com.location.banks.finder,Finance
com.Zeiterfassung,Business
com.SynquaGames.TapCricket13,Sports Games
com.isync.morpho,Medical
com.iwpsoftware.android.ebook.play.william_shakespeare.macbeth,Arcade and Action
com.oneupplus.Bike_Rider_Stunt,Health and Fitness
com.dogaplayer,Media and Video
androidNin1.Start,Business
org.tf.obd2.free,Transportation
com.bskyb.fbscore,Sports
com.jamesmgittins.livewallpaper.doom,Personalization
com.ookapi.sencare,Medical
com.ww30f6afc588cc90e827ec7673a2b450b5,Travel and Local
org.busbrothers.anystop.rtdbouldertransit,Transportation
com.mertech.calculator,Travel and Local
back.livenumbers,Tools
com.hong.simpletextwidget,Education
appinventor.ai_p_tuttoilmondo.Fools,Brain and Puzzle
com.quickprogrammer.pnrtrackerpro,Travel and Local
com.hangfire.fatballlite,Arcade and Action
com.logistic.hebrew,Shopping
com.leo.yahooweather,Weather
demo.galmoori.datausage,Tools
com.app.freedomfromfearsandphobias,Health and Fitness
com.emergencylink.elink,Medical
com.onexuan.battery,Tools
com.ylTop.yllanborghini,Personalization
com.mobilemarektingpub.indiantv,News and Magazines
com.keerby.hdvoicerecorder,Music and Audio
com.feasy.app.memory.FootBallMemory,Cards and Casino
com.razmobi.games.streetracers,Racing
com.codici89.tripeaks,Cards and Casino
com.rubycell.coloringprincess,Education
com.wesley.trackash,Finance
jp.co.elecom.android.elenote,Productivity
com.zaladonis.isonographerVascular,Travel and Local
com.a816529901501c0df78a0152a.a34210741a,Comics
com.styleapps.hoardingphoto.frames,Photography
com.wordreference,Education
com.qwest.mobileaf.android,Communication
com.finessCalculator,Medical
mmc.medicinalmarijuanacookbookfree,Medical
App.win.conforl3,Entertainment
uk.co.ajp.android.repcalc,Arcade and Action
pl.ficode.milk,Arcade and Action
com.patrika.epaper,News and Magazines
com.ggee.vividruntime.gg_1241,Arcade and Action
com.adictiz.spacedogplus,Books and Reference
com.gamecircus.PrizeClawSeasons,Brain and Puzzle
com.appdog.android,Business
com.mccorwin.sexdice3DLite,Cards and Casino
com.laan.toys,Entertainment
com.magmamobile.game.MatchUpBuddy,Cards and Casino
uk.co.bbc.android.sportdomestic,Sports
com.guidepal.newyork,Travel and Local
com.dafer45.sugarlog.free,Medical
com.LiverpoolFanClub,Sports
com.cybopob.CulinaryNotebook,Lifestyle
goodapps1.scarystories,Education
com.prescient.getRss,News and Magazines
com.monzonito.earthquakealerts,Weather
de.androidcrowd.bmi,Health and Fitness
com.weaverfish.date,Weather
com.gameday.RoomBreak_EscapeNow,Arcade and Action
com.moblico.sports,Sports
air.intollogy.photoskin,Photography
com.rrd.jpt,News and Magazines
com.kamikaz3.DrinkOn,Lifestyle
com.loldt.varietyyoyowallpaper,Personalization
ca.roofdog.biketrip,Racing
com.billiard.snooker,Sports Games
uk.co.bitsimple.wheresthebus,Transportation
com.mylocaltv.wxyz,News and Magazines
com.psynet.livescore.center,Sports
edu.utn.frba.gis,Music and Audio
com.spreedinc.providers.californianewspaperpartnership.sanjosemercurynews,News and Magazines
com.cognitial.directvremote,Tools
com.ansij.tagstagram,Photography
finarea.CallPirates,Communication
com.shinycube.android.fun4kids.kidspuzzlegamelite,Brain and Puzzle
air.com.ea.superherocity_row,Arcade and Action
com.gpit.android.safe.Ranger,Communication
com.icicilombard.mcust,Business
com.ieltstestonline.com.writingsampleandmodelfree,Productivity
com.splashpadmobile.hangman,Brain and Puzzle
cz.kamma.folderplayer,Casual
com.dynappmics.skyhk,Business
com.theptja,Music and Audio
com.RMT.herzservice,Medical
com.instant.collage.maker,Tools
com.key.guerraLightningLiveWallpaper,Libraries and Demo
com.tsenov.mtb,Racing
pl.multibank,Finance
com.piigames.darts,Brain and Puzzle
com.mraiyani.gujratidictionary,Books and Reference
com.park.stopwatch,Productivity
com.metamoki.mobwarsmobile,Arcade and Action
microinvest.Restaurant,Business
pl.ayground.twoplayer.tictactoe,Brain and Puzzle
com.androidgamer.osmap,Productivity
cn.com.nd.s,Tools
com.auto_tool_box,Transportation
com.phonethics.madhuridixitnene,Sports
com.andromo.dev4168.app5043,Arcade and Action
com.elex.ram,Arcade and Action
pl.inforit.krzyzowki,Brain and Puzzle
com.qualcomm.sgs.reignofamira,Arcade and Action
net.sunflat.android.papiorange,Arcade and Action
com.kraftnewservices.androidtablet.ifood,Health and Fitness
iStudios.fablesandfairytales,Books and Reference
com.foobnix.pdf.reader,Books and Reference
fr.tramb.park4night,Health and Fitness
com.toccata.games.adventures,Arcade and Action
com.tgicybermonday.cybermonday,Shopping
au.com.sen.sen1116new,News and Magazines
com.jb.gosms.theme.aRedTheme,Personalization
com.icegame.fruitcrush,Casual
com.heads.up,Brain and Puzzle
com.xoriant.gillidanda,Sports Games
com.ralphs.mobile,Shopping
com.mavro.pt.lite,Medical
com.appbuilder.u65655p165996,Books and Reference
balofo.game.figures_answers,Books and Reference
com.google.android.diskusage,Productivity
com.AndroidA.ffmpegCodec.armV6,Media and Video
blinds.calculator,Cards and Casino
com.wAmazonia,Shopping
com.subatomicstudios,Arcade and Action
com.vasilchmax,Tools
com.blogspot.strogonov.animechristmasdressup,Casual
com.lighthouseaustralia.perthtransit,Transportation
com.advlp.adelemusic,Music and Audio
com.vodafone.androidagent,Business
com.huewu.apps.logtoaster,Tools
com.bestactiongames.dannyvszombies2,Arcade and Action
com.freebird.zsp.DailyAccounting,Finance
com.zc.android,Books and Reference
com.onemightyroar.yourather.free,Social
com.music.listener.izmusic,Music and Audio
com.elimmedia.lite.ureka,Education
com.inmatecanteen.secure,Finance
com.nubee.fortunecoins,Cards and Casino
com.avdheshyadav.android.tzconverter,Social
com.anysoftkeyboard.theme.three_d,Libraries and Demo
com.cc.activity,Entertainment
com.moveme,Transportation
ru.kvins.draw.angels,Education
air.com.differencegames.homagicofchristmasfree,Brain and Puzzle
com.ryger.collegefootballsch,Comics
com.idmobile.spainmeteo,Weather
com.gamezone8.slotscasinoparty,Cards and Casino
com.vucabu.games.puzzle,Brain and Puzzle
com.gau.go.launcherex.gowidget.bookmark,Personalization
com.nit.an9027_003_a00,Books and Reference
com.disney.PirateWars,Arcade and Action
com.wholesum,Health and Fitness
com.spencer.amplifer,Lifestyle
com.stopwatchapp,Medical
com.indiataps.statebankoftravancore,Finance
ch.comparis.kkmobile,Medical
com.maxelus.shadowgalaxylivewallpaper,Productivity
seagospel.CUTView,Books and Reference
com.creativeone.islamicapps,Books and Reference
com.iheartoliveoil.mobile,Business
com.finnjohnsen.wrd.activity,Health and Fitness
com.lambtongames.blackjackplusthreefree,Cards and Casino
com.picsart.kaleidoscope,Health and Fitness
com.morningwood.soundboard.thespaceballs,Media and Video
com.MindstormStudios.MafiaFarm,Arcade and Action
org.rsoe.android.edis_pms,Business
com.qbiki.mjnetwork,Business
air.com.thechatroulettegirls.CamCrazy,Social
com.apptuners.phonegenie,Comics
com.rootive.lm.wn2,Books and Reference
com.k2b.smartshare,Social
ginlemon.scratchdemo,Cards and Casino
com.andromo.dev215031.app215145,Shopping
epicandroid.opengl.livewallpaper004free,Personalization
net.willwebberley.gowertides,Weather
samsungupdate.com,News and Magazines
com.electricpunch.dubstephero,Music and Audio
com.doapps.android.mln.MLN_a70fd2e5b22e4a8e0e04ae8f9df49277,Transportation
com.bgames.android.bikerun,Racing
app.appliedlogistics.mobileswipe,Business
com.flisko.euro2012quiz,Sports Games
crazy.students.student,Medical
com.apps4free.Colorograph,Medical
com.avivaindia.mobile,Business
com.dg.wapc,Communication
com.phoneliving.talkingdracothebatfree,Entertainment
com.dreamland.houseracers,Racing
com.a336191815502b6907d9d4a7a.a64785350a,Sports
com.zenmobi.android.app.nfl.billsnews,Sports
com.thaicook,Health and Fitness
com.themesmaker,Personalization
com.roqbot.client,Music and Audio
air.DinoBook2,Books and Reference
com.posb,Finance
com.mcpeppergames.games.amazinganimalpuzzlelite,Education
com.swf.flashgame.player,Media and Video
com.anameka.android.apps.lotteryapp,Travel and Local
ru.yandex.disk,Productivity
air.Truck,Racing
com.wAVM,Social
ie.breakingnews.mobile,News and Magazines
com.training.hello,Travel and Local
pl.avantis.livewallpaper.aquarium.free,Sports
com.liato.bankdroid,Finance
com.phobos.android.liverpool,Sports
org.busbrothers.anystop.greatercleveland,Transportation
com.riatech.chineserecipes,Lifestyle
air.MakeUp,Casual
com.chronglobal.tidalchronoscope,Weather
com.brightastro.apps,Books and Reference
com.mayeeinfo.freecell,Brain and Puzzle
com.bloomberg.android,Finance
com.sonyericsson.android.calcinputplugin,Tools
com.belldevelopers.dragme,Tools
com.sunstorm.android.pretzel,Casual
de.frank_durr.panodroid,Photography
com.softteco.ftalk,Social
de.hafas.android.arriva,Transportation
com.handyapps.photowallfx,Photography
android.network.rss,News and Magazines
com.grocerysmarts.grocerylistprofessional,Shopping
com.dessoft.weatherwidget,Weather
com.acontech.android.SmartWebCam,Media and Video
com.funfil.biology2,Books and Reference
com.gml.fw,Arcade and Action
com.tv.online,Business
com.irafa.volleyballfree,Arcade and Action
com.gtp.nextlauncher.theme.luxury3ddark,Personalization
com.awad.fifa,Sports Games
com.abMobileApps.stedman,Music and Audio
co.kr.easysoft.fastcamera_free,Photography
com.skcomms.android.mail,Social
lam.momsapps.fetalultrasound,Medical
TC.Android.FinCalc,Productivity
com.tagsapp.law.lite,Shopping
appinventor.ai_mobile.SDEEN,Education
net.golyat.yebisu,Music and Audio
slide.faceFrenzy,Casual
com.good.planet,Photography
tw.com.freedi.youtube.player,Media and Video
com.graphicly.walkingdead7,Arcade and Action
com.appspot.exploreinandroid2010.ToddlerWorldVol1,Education
air.com.esdot.PhotoTouchupLite,Productivity
com.waikikisky.tonguetwisters,Comics
com.donutgames.ratonascooterxl,Arcade and Action
com.luckyxmobile.babycare,Medical
com.dreamerbros.themask,Entertainment
com.dic_o.dico_cze_ger,Books and Reference
de.seedair.seedairplus3,Social
com.da.promille,Health and Fitness
com.carfax.cvhr,Business
com.bitdefender.tuneup,Tools
de.omsn.bhuio.talkNorwegianFree,Business
electrum2.drumslite,Music and Audio
it.blub.daily,Photography
hdn.android.countdown,Comics
com.kosenkov.alarmclock,Health and Fitness
uk.co.economist,Business
com.tech8.smartwifitether,Communication
eu.tmuapps.busscoutny,Transportation
com.utilno1.newcrayon,Photography
com.lyPolice,Entertainment
mobi.espier.launcher.plugin.controller7,Arcade and Action
opotech.advancedwifilockfree,Tools
com.pokiemagic.PiratesPlunder,Cards and Casino
cn.bluesky.fourinaline,Brain and Puzzle
com.comp1001.roulettelite,Cards and Casino
com.pediatriconcall,Medical
com.quoord.tapatalkpro.activity,Social
air.etaxi,Transportation
com.arlean.radio,Music and Audio
com.myxer.android.unicorn,Music and Audio
com.jiubang.go.backup.ex,Tools
com.pirasmani.android.makeup2.free,Casual
com.anifree.anipet.freshwater.trial,Personalization
it.rortos.f18carrierlandinglite,Arcade and Action
com.n0n3m4.gcc4droid,Tools
atticlab.AnnoyingUltraSound,Health and Fitness
elbarcosoft.domino3d,Arcade and Action
com.ggee.vividruntime.gg_1627,Arcade and Action
com.mobilebeez.javaevolution,Education
division.of.time.BGV,Comics
com.noodlecake.pumpedbmxfree,Racing
com.cube.rca,Medical
com.afl.maleforce.android,Communication
com.yintro.smstester,Communication
com.FireproofStudios.TheRoom,Arcade and Action
com.san.interiordesign,Lifestyle
com.phanovatives.xtremesoaring3dfree,Arcade and Action
com.crowdcompass.appy8x758Lz5d,Business
com.dexterltd.wifiscanner_lite,Communication
com.moomoogames.dinoboyrushgame,Arcade and Action
com.tani.penguinattack,Arcade and Action
com.michaelfester.weighty,Health and Fitness
com.comeapp,Social
com.gulfnews.newsapp,News and Magazines
com.becapps.easydownloader,Media and Video
com.rootuninstaller.firewall,Brain and Puzzle
vs.studiometronome.free,Music and Audio
af.anatomy.guide,Medical
com.scotiabank.mobile,Finance
com.wEmploiJob,Business
com.rekesh.endo3.git,Tools
com.gau.go.touchhelperex.theme.imusic,Personalization
com.appspot.swisscodemonkeys.detector,Tools
com.premiumwidgets,Weather
net.uccspace.eng.mother,Books and Reference
com.zixstudio.twitterfollowers,Tools
com.mstream.meteorlitewvga,Arcade and Action
htcbutterfly.iwallpaperdroid,Photography
com.schuetz.showcase,Photography
com.wsl.CardioTrainer.widget,Weather
com.gogii.textplus,Social
com.tribune.breakingnewschicago,News and Magazines
sh.koorogram.bowling,Sports
com.dailyyoga.inc,Health and Fitness
app.near_me,Travel and Local
in.vasudev_vs.google_news_hindi2,News and Magazines
com.arcdroid.sleep,Health and Fitness
kuba.livewall.clocks.regular,Personalization
com.NinjaMoto,Racing
abscom.ppicsbr,Entertainment
Cn.sasj.hop.ring,Music and Audio
com.lrm4android.tgcfFree,Communication
com.zx.sgtrains,Travel and Local
com.wt.TakeoffClothes,Entertainment
com.fivefiftycord.armyfitnesscalc,Medical
com.dexterltd.hidemyboyfriend_lite,Tools
net.thauvin.erik.android.tiproid,Finance
de.eiswuxe.dinoworld,Brain and Puzzle
com.aviary.android.feather.plugins.stickers.galaxy,Libraries and Demo
cps.mmxi.scroller2,Personalization
air.practicecricket,Sports Games
com.vaiable.android.guitarscale,Music and Audio
com.gaudiumsoft.voiceimport,Productivity
com.jmhdev.galaxynote2,News and Magazines
com.logo.cars.quiz,Brain and Puzzle
com.andromo.dev62321.app237254,Media and Video
com.fingerpen.christmas,Education
de.fcbayern.android,Sports
com.mhedia.policeradarscanner,Entertainment
com.pilotfishmediainc.knockdownboxes,Sports Games
net.groceryshopping.StrackandVanTil,Shopping
com.flamboyant.analogclock,Lifestyle
com.alcomi.altwar,Arcade and Action
jp.android.tomapps,Weather
com.thirtymatches.ffffound.lite,Photography
com.dotafx,Health and Fitness
com.arkay.swamivivekananada,Social
com.casualforge.HotelMogulHDLite,Casual
com.frenys.android.consejosromnticos,Casual
rymthx.god102209paperi,Sports Games
susi.android.tabmaster.lite,Music and Audio
com.dinneratmyplace2.com,Lifestyle
com.painone7.Freecell,Cards and Casino
com.custom.inputmethod.keyboard,Productivity
com.graphicly.chew4flambe,Comics
Gecko.Droid.PhysicsHelper,Medical
com.waikikisky.bestjokes,Comics
com.neusoft.quickprint,Productivity
abc.ssd.TrafficInfoCheck,Tools
com.vito.labs.wazemod,Travel and Local
com.larryvgs.battery.icons.hdmingliu,Libraries and Demo
army.military.war.tono.ringtone.notification.whats.line.sms.sonidos.sounds.free,Music and Audio
com.reaxion.android,Music and Audio
de.greenrobot.eventperf,Libraries and Demo
org.om3DCAD,Education
com.Quotes.Happiness,Lifestyle
com.spotfiles,Media and Video
searchfloor.datehookupdating,Social
org.sleepnova.android.taxi,Transportation
com.SC.Breeze.Home,Lifestyle
com.timesgroup.timesjobs,Business
hobby.demo.hourglass,Entertainment
com.AmDeeLLC.Desi,Travel and Local
com.socialquantum.acityint,Health and Fitness
com.ahn.android.myPetDiary.free,Productivity
com.dinakaran.mobile.android,News and Magazines
com.gau.go.launcherex.theme.F.Blackbox,Personalization
com.games4girls.LittlePony,Racing
com.jeevan.gulesider,Communication
org.ngsdev.yadoroid,Travel and Local
com.rocketlobster.wordtrain,Brain and Puzzle
com.hidabrut_test_1,News and Magazines
it.alcacoop.minigolf,Travel and Local
com.arc.huddle,News and Magazines
com.rediff.android.news,News and Magazines
com.dayzeroapps.slotsadventuresfoodie,Health and Fitness
com.andromo.dev11201.app148751,Shopping
radonsoft.net.rta,Weather
md.apps.StopNGo,Transportation
air.talaween.snakeandLadder.english,Brain and Puzzle
in.mettletech.livescore,Sports
com.freerange360.mpp.acemmejo,Medical
com.gwofoundry.stacksofnotes.lite,Productivity
com.maxelus.infernogalaxylivewallpaper,Communication
com.woodslink.android.wiredheadphoneroutingfix,Music and Audio
com.gau.go.launcherex.theme.rainy,Personalization
com.dreamtree.diyreader,Medical
com.saurabh.travelguide.bangalore,Travel and Local
com.dwolla.dwolla,Finance
com.devp.emoticons,Arcade and Action
domino.reznic.net,Brain and Puzzle
com.gau.go.launcherex.theme.fire,Personalization
com.lul.vibration.monitoring,Tools
com.codelixir.deshitv,Media and Video
com.aphitex.screensaver.xp1,Business
com.ronca.galileo,Weather
jp.meloncake.mydocomo,Tools
com.example.android.notepad,Productivity
air.com.fxcm.TSmobileTabletA,Finance
br.com.tapps.donotdisturb,Arcade and Action
com.ifd.lite.icd,Shopping
com.localradiofree.greece,Music and Audio
com.appletreebook.monkeyking,Education
com.keyboard.scandinavian.dictionary.german,Productivity
org.arrl.repeaterdirectory,Business
callplanets.app.lazy_list,Shopping
obg1.Photaf,Business
com.subibot.intervals,Productivity
com.picus.android,Photography
com.lifesofts.gridphoto,Photography
air.air.Eldhelm,Cards and Casino
com.mkd.bible,Books and Reference
jp.codedesign.android.pocketful,Arcade and Action
com.google.phonecard_express,Communication
eu.mihailvelikov.scarsdale,Health and Fitness
com.whatsonindia,Productivity
com.ccl.vehicules,Transportation
com.toluna.webservice,Social
com.dreamstep.wTornadoWarnings,Weather
jp.butterflycorp.android.casinotown.slot,Cards and Casino
com.coyoteapps.drake,Music and Audio
no.dkit.android.partyboard,Communication
com.business.plan.z,Medical
com.europeforgottentimes.euoly,Sports
com.dodur.android.tripeak,Brain and Puzzle
com.mobidhan.main.geeta,Comics
com.riku.aadobepre984,Media and Video
com.tinytoysinc.android_make_pancake,Casual
com.gau.go.launcherex.theme.bluxv1,Personalization
roman10.media.converter.v7vfp3,Media and Video
com.SunMoonWidget,Weather
com.payless.mobile,Shopping
sg.com.maybank2u.Maybank,Finance
com.tvoinetgames.nia,Brain and Puzzle
com.vg.AirplaneFlightSimulator,Travel and Local
younger.lee.newringtone,Music and Audio
org.mikebannion.fbnotifications,Productivity
com.mindtools,Business
com.CookieJarDevelopment.EMSGuideBook,Medical
com.outthinking.bokeh,Photography
com.riatech.chickenfree,Lifestyle
com.waterbalance,Health and Fitness
com.speakwrite.speakwrite,Music and Audio
com.ishiptech.radio.malaysia,Music and Audio
com.graphicly.irredeemable3,Comics
com.pcvirt.livewallpaper.beachtrees,Personalization
com.livingsocial.www,Shopping
com.uni_ty.puttergolf,Brain and Puzzle
mx.com.rm.samsung,Entertainment
com.awc.onehundredfilters,Photography
com.finoit.androidgames.tapafish,Sports Games
com.twopxmob.game.chickenegg,Brain and Puzzle
com.nvison.grocerylist,Shopping
nz.co.remote.fiveHundred,Cards and Casino
com.remodelormove,Shopping
com.myibidder.aclient1,Comics
ch.slf.whiteriskmobile,Medical
com.conduit.app_a8e2bb7e4ad04928b682beffcbec8d6e.app,Lifestyle
com.bootant.crazytankslite,Arcade and Action
pl.maxdoman.miningBitcoinMonitor,Sports Games
com.ap.star,News and Magazines
net.idlesoft.android.apps.github,Arcade and Action
com.MyIndieApp.FreeOldiesRadio,Music and Audio
uk.co.danwms.lfchistory,Productivity
com.thedoctorsays.predicktor,Comics
eu.ol0.meteo,Weather
net.weweweb.android.free.bridge,Brain and Puzzle
com.cloudninedevelopmentllc.ErikElst_81,Medical
com.sure.tarotgift,Lifestyle
com.easterneast.android.rsswidget,Weather
alexaeroticvlwp.em.com,Personalization
com.sunil.book.AOULQCFXPIAZGJCET,Books and Reference
com.xlabz.weatherhd,Weather
com.trippoinc.kings,Cards and Casino
com.mobizy,Business
com.droiddevz.toppickuplines,Social
com.elibera.adrivo.dhl,News and Magazines
com.canadadroid.wordmine,Brain and Puzzle
info.solocrowd.android.moonphase.free,Tools
com.applikali.livenewsnepal,Productivity
net.fineseed.colorful,Photography
me.snapp.android,Social
com.horseboxsoftware.heathrowairportflights,Travel and Local
jp.co.carview.tradecarview.view,Racing
com.magzter.champaktamil,Comics
com.firstbankcard.mobilebanking,Finance
com.andlabs.smsts,News and Magazines
com.siro.memeo,Arcade and Action
com.specialbooks.classiclit.AOTTDFPFCFFKKLDJB,Cards and Casino
com.mlssoccer,Sports
com.sash.smsparking,Racing
smart.movies.android.widget,Media and Video
air.com.differencegames.hofairyforestfree,Brain and Puzzle
com.phresheez.phresheez,Casual
com.webcipe.slickdeals,Shopping
free.jazz.tones,Music and Audio
com.glu.android.bugvillage,Arcade and Action
com.flipmycards.jokes.AOTOWCLTPVSTJTWG,Comics
com.ivona.tts.voicebeta.spa.esp.conchita,Communication
air.LineModule,Racing
GFR_HO.COM,Medical
jp.co.johospace.jorte,Business
com.spreedinc.providers.gatehousemedia.rockfordregisterstar,News and Magazines
hamon05.speed.pac,Cards and Casino
com.ddnmedia.coolguy,Casual
de.eiswuxe.ooorcs,Arcade and Action
com.chunter.gobang,Brain and Puzzle
aussie.rules.live,Sports
com.mobileroadie.app_1242,Casual
com.silverweather,Weather
com.alawar.hamlet,Brain and Puzzle
com.ishihata_tech.android.mj2,Health and Fitness
com.gameexcellent.fruitcombos,Brain and Puzzle
com.fivehundredpx.viewer,Photography
com.kfmes.transpose,Music and Audio
com.teragadgets.android.notes,Productivity
com.surya.LD,Travel and Local
com.peterNT.Maldives,Personalization
com.fromthebenchgames.fmbjk2014,Sports Games
com.ScnStudios.CrazyRacing4x4,Racing
com.sancronringtones.sirensb,Entertainment
com.alexd.tracker,Transportation
com.technosoft.BirthDay_Quotes,Social
org.xeustechnologies.android.kws,Productivity
com.wefi.wefi.beta,Communication
com.imprestyle.color,Education
com.kodak.view,Productivity
com.domain.android.oscrap,Shopping
talking.toy.funny.donkey,Entertainment
com.trimble.outdoors.hunt.le,Travel and Local
com.inteligeen.callerid.theme15,Social
com.futuremark.dmandroid.application,Tools
com.clickforbuild.khmer_thai,Brain and Puzzle
net.groceryshopping.CountryMart,Shopping
com.mu.mucalendarandroid,Sports
com.taki.lite,Cards and Casino
com.sanfordguideiap.com,Medical
com.genie.streamrss,News and Magazines
com.CollageMakerFree,Photography
info.mypisang.jawi,Communication
com.km.frames.birthday,Photography
de.parfumdreams,Shopping
org.swr3.elchradio,Media and Video
com.androiddevelopermx.blogspot.convertidorfree,Tools
my.tupac.ringtones,Music and Audio
dk.maxapps.heart,Tools
com.mobisystems.msdict.embedded.wireless.collins.poslish,Books and Reference
com.hearst.android.wmur,News and Magazines
com.dophan.android.winecellarfree,Lifestyle
net.epsilonzero.hearingtest,Medical
com.bestpuzzlegames.abstractcolors,Personalization
com.studio3wg.monstertruckparking,Racing
com.gadgetcrafts.grblackjack,Cards and Casino
com.mobilebeez.lowerbodyworkouts,Health and Fitness
com.ipcmedia.marieclaire,News and Magazines
com.bit.trollface,Photography
proscio.wallpaper.funnyfountain,Personalization
com.nail.art.salon.nuttyapps,Lifestyle
com.eboundservices.khyberTV,Productivity
com.galaxy.indolivetv,Media and Video
scombroid.android.qldtideapp,Weather
gdecaso.granizo,Weather
com.sonyericsson.extras.liveware.extension.twitter,Communication
com.quoord.tapatalkHD,Social
com.video.hdplayer,Media and Video
com.app_eof.layout,News and Magazines
org.killer_balls.killerballsFree,Sports Games
com.hutchgames.smashcopsheat,Arcade and Action
jp.quan_inc.lovesticker.android,Photography
com.jimmychen.app.eyesprotector,Tools
com.tonado.boli.hermit.hider,Productivity
com.refactech.driibo,Libraries and Demo
org.droidgox.card,Cards and Casino
com.jrv.hn.online,News and Magazines
de.ptbv.android.syncmlclient,Business
com.honeywell.mobile.android.totalComfort,Business
sg.gadgetprice,Shopping
com.mdzshtp.lightmotorace,Racing
mohammad.adib.roundr,Lifestyle
com.slp.blackdroiddxtop,Personalization
com.hlpth.thaiflood,News and Magazines
me.onemobile.tw,Business
com.eventualtechnology.golf,Sports Games
com.sds.livelpaper.AOTRGEXKSTKDPTAU,Entertainment
com.riteshsahu.SMSBackupRestore,Communication
com.aigrind.warspear,Arcade and Action
com.ape.scanner.gender,Entertainment
com.appsupNewSongs,Music and Audio
com.appspot.exploreinandroid2010.KidsLogicLite,Education
com.gau.go.launchereX.theme.icecream,Personalization
ee.smkv.calc.loan,Finance
com.king.candycrushsaga,Brain and Puzzle
com.oist.android,Communication
com.frma.audioBookPlayer2,Books and Reference
com.bigbuttons,Productivity
jp.changer,Media and Video
com.valleydevteam.Sprueche,Social
com.Magic.Cube3DTreesLiveWallpaper,Personalization
uk.co.arcdev.android.whatson,Media and Video
com.skycode.atrance.enes.free,Travel and Local
com.kimusoft.labyrinth,Brain and Puzzle
com.handcent.fontpack.pack4,Communication
com.daunmobi.tetrisgame,Brain and Puzzle
com.incorporateapps.fakegps.fre,Travel and Local
egosselin.free.ccourses,Shopping
air.SouthernTouchTech.SpadesFree,Cards and Casino
com.hipipal.qpyplus,Tools
ie.pumps,Transportation
jp.naver.line.android,Communication
ru.yandex.translate,Books and Reference
air.com.youdagames.gop2mobile,Cards and Casino
com.utilno1.supercamera,Photography
com.rockstargames.gtavc,Arcade and Action
com.ani.apps.jokes.sms,Comics
com.doapps.android.mln.MLN_42b39fdb198522d2bfc6b1f64cd98365,News and Magazines
com.oanda.currencyconverter,Finance
ru.krikun.s2e,Tools
com.wHowToManageIrritableBowelSyndrome,Medical
com.newssynergy.kulr,News and Magazines
air.uk.lightmaker.theanda.rules,Sports Games
com.websms.connector.o2,Communication
home.ethan.lensguide,Photography
com.mylocaltv.kdfw,News and Magazines
com.jjvaca.aznardroidlite,Personalization
com.vndynapp.mxmotocross,Racing
com.blinknetwork.blink,Social
eu.vesuviansoftware.onlynews.gossip,News and Magazines
jp.co.stren.stmaga.ghee02,Casual
com.airwatch.browser,Communication
com.tidahouse.newspodj,News and Magazines
com.curvefish.widgets.gpsonoff,Tools
com.numberpicker.activities,Casual
com.hyperkani.dropit,Sports Games
com.mobisfera.prod.dilbert,Social
com.thisisaim.rteradio,Music and Audio
com.shunya.gita,Music and Audio
com.appseleration.heyho,Communication
com.bnpp.hellobank,Finance
com.elgato.eyetv.tivizen,Media and Video
com.outthinking.instacollagefx,Photography
net.orleaf.android.wifistate.plus,Communication
tmr.smart.mobile,Transportation
com.htcheng.calcmol,Medical
system.apps2,Finance
mz.electric.guitar.tuner,Music and Audio
tomicki.pl,Medical
roman10.media.converter,Media and Video
com.appgame7.bubblelink,Casual
com.zensis.nowwidget,Business
net.mobilecraft.football,Sports Games
jp.co.entaworks.hanabi.lite,Arcade and Action
com.dfany.livenature,Personalization
com.n225zero.EasyDietRecords,Business
com.appmakr.app198487,Media and Video
com.trackaroo.apps.mobile.android.Trackmaster.layouts.logger.TimeDash,Sports
com.personalitiesparser,Health and Fitness
com.gau.go.launcherex.theme.z.higan.free,Comics
com.PYKL3.Radar.Lite,Weather
com.xzPolicecar,Entertainment
com.flirtomatic.flirtodroid,Social
wiktoria.goroch.bible_ot.AOUGBEWUVNKRBFSK,Books and Reference
org.charlesc.macaubus,Transportation
com.robapps.ballsrider,Sports Games
com.isrr.app,Music and Audio
com.xtreme_.hairstyleswiththeirhands,Lifestyle
jp.wallpapershot,Photography
com.dw.contacts.free,Business
com.rahul.DownloadEverythingProo,Tools
air.com.empiregames.housedesign,Casual
in.smartwebs.status_via,Social
com.dev.streetviewzone,Social
proffesionals.dog.whistle.cat.repelent,Books and Reference
com.Doktor3D.Sketcher3D,Casual
com.app.PHcalendarOnly,Productivity
com.raytracing.wizapply,Tools
com.cyo.comicrack.viewer.free,Comics
com.koranto.myinstaplacegreetings,Photography
com.willhaley.android.mobiledoppler,Weather
uk.co.macsoftware.WWPointsPlusCal,Photography
com.kayac.photobag,Health and Fitness
com.rocky.sunshineclockwidget,Comics
com.mlmtrainingapps_organogoldtraining,Business
net.mobabel.momemofree,Education
droids1.prasad.des.decking,Education
cz.cfc.androidgp.sightwordslite,Education
appinventor.ai_bidcoder2010.BakingCooking,Health and Fitness
com.wagwan.datemonthstatusbar,Productivity
com.orange.myoffice.row,Business
bys.widgets.shirdisaibaba,Lifestyle
com.Wright.GeorTattooPatternLibrary,Libraries and Demo
com.bruce.android.rain.sounds,Health and Fitness
kr.co.tictocplus,Social
com.adamhogan.android.moleculeviewer,Racing
pl.ayground.littlepiano,Education
com.frames.valentineframesplus,Photography
com.fox.now,Casual
com.wolfsoft.dotd,Comics
com.azinova.britishmalayali,News and Magazines
or.jp.greenroad.traffic,Transportation
com.in8.id,Music and Audio
com.zalebox.celtic.tattoo.set2,Lifestyle
fr.r1.sudoku,Brain and Puzzle
appinventor.ai_wisdomstorylesson.howtowriteabookthatsells,Books and Reference
com.astrotek.dictionary.ylib,Education
com.techpowerup.tpu,Social
asif.android.app.halalecodes,Business
faj.holdem,Cards and Casino
com.gau.go.launcherex.theme.usts,Personalization
com.tsf.shell.services.notifier,Social
com.letitguide.dcguide,Travel and Local
com.liyuanqin.momentcam.share.effect,Photography
net.ivantis.userinfo.example,Libraries and Demo
com.boodev.socialfall,Entertainment
uk.co.neilandtheresa.NewVignette,Photography
away.message,Communication
mmapps.mobile.anti.theft.alarm,Tools
net.xdevelop.protector3,Tools
com.redcirrus.iFly,Travel and Local
com.xunxin,Health and Fitness
com.brooklynmarathon.api.client.calendar.android,Travel and Local
appinventor.ai_elliotnoma.NJT_Departures,Transportation
com.gau.go.launcherex.theme.gowidget.taskmanagerex.futureworld,Personalization
jp.co.taosoftware.android.dpiinfo,Photography
com.simplifynowsoftware.droidsecrettips,Arcade and Action
com.videomanagerapp,Media and Video
com.hdvideoplayer,Media and Video
com.viaplay.android,Arcade and Action
com.freeclassifieds,Casual
com.pickleappstudio.app.BleachMangaViewer,Books and Reference
com.vg.airplaneparking,Racing
com.cbs.sportsapp.android.ncst,Sports
com.sammdesmond.ph2,Brain and Puzzle
com.appmox.naturecasa,Personalization
com.hrstudios.chistes,Comics
uk.co.tekkies.plugin.kjv,Books and Reference
com.fiberlink.maas360.android.control.samsung,Business
com.sntown.snchat,Social
com.ap.postdispatch,News and Magazines
nl.ara.demo,Business
com.global.radio.Indonesia,Music and Audio
com.av.apps.FairyVillageWeather,Weather
com.metrostarsystems.apps.android.sptogo,Business
com.square_enix.android_googleplay.FFIII_GP,Arcade and Action
com.rew.tabla,Music and Audio
com.mertech.hd12c,Productivity
com.control.awm,Travel and Local
la.droid.gps,Productivity
com.gowithmyflow.getrippedtrial,Health and Fitness
com.bitartist.beautyshot,Photography
com.transcend.sjc,Communication
com.aura.ringtones.aurachimes,Music and Audio
air.com.buffalo_studios.newflashbingo,Cards and Casino
com.zalebox.tribal.tattoo.set2,Lifestyle
au.com.dealsmap.lwp.cube.PackAndroid,Personalization
th.co.truemoney.wallet,Finance
com.benchbee.AST,Tools
net.jjc1138.android.scrobbler,Music and Audio
dk.progressivemedia.pixelinejungleskattenosaoFREE,Arcade and Action
DDm.Rename.Wallpaper8000,Health and Fitness
com.vicman.photolab.newyearapp,Photography
com.chris.chatworld,Social
wclear020502.wistars9028five,Cards and Casino
fr.smshare,Communication
wheel.slots.leetcom.com,Cards and Casino
com.wsl.bikiniwidget,Tools
com.honestwalker.kancart.DHgate.activity,Business
com.travelchannel.watcher,Media and Video
com.reigndesign.biblepromisesfree,Books and Reference
com.phonegap.breastcancer,Medical
com.appeteria.battery100alarm,Tools
com.hangseng.mobilewalletapp,Finance
com.phunware.undercovertourist.universal.free,Transportation
com.everycircuit.free,Comics
uk.co.dedmondson.timer.classiclite,Sports
kik.android,Social
uk.co.focusmm.dts_theory_free,Education
com.jappit.calcio,Entertainment
com.focusmedica.md.medicalhealthdictionary,Medical
appinventor.ai_khalid.ALJ,Business
com.mywickr.wickr,Social
com.akoano.englv2up,Education
jqsoft.apps.mytasks,Productivity
com.superApp.fine.loveheart,Photography
de.DannyDan.TripeaksDL,Cards and Casino
com.kidsfun.matching.classicjewels,Brain and Puzzle
com.brainpub.phonekuk_note,Productivity
cn.easymobi.application.mouse,Business
com.slacker.aol,Music and Audio
com.appspot.londontubetracker,Transportation
com.xidea.AnimalMatch,Brain and Puzzle
com.hardworking.millionschool,Brain and Puzzle
com.thirtysixyougames.google.starGirlSingapore,Casual
com.herocraft.game.montezuma2.lite,Brain and Puzzle
com.jin.games.cleverblocks,Brain and Puzzle
noguchi.tango,Education
id.co.viva.launcher,News and Magazines
com.luxdiets.gainingdiet,Health and Fitness
com.runty.translink,Travel and Local
app.social.weather,Weather
com.vemmabode,Health and Fitness
com.modiface.eyecolor,Photography
net.hexage.reaper,Arcade and Action
com.silicmobile.pcremotecontroller,Media and Video
com.thunderbull_entertainment.footballpenaltyshootout,Sports Games
com.mobilerecharge.plans.ratecutters.tariff,Business
play.games.mj.pp,Cards and Casino
com.softonic.moba,Tools
com.diogines.bloodpressure,Medical
com.handyapps.easymoney,Finance
jp.skydesk.print,Productivity
com.wayn.android.WaynMeetPeople,Social
com.skycore.android.codereadr,Shopping
com.mzSiren,Entertainment
com.bjtapp.newsongs,Music and Audio
com.smapps.android.bills,Finance
biz.app321.musicsearch,Music and Audio
com.spryfox.tripletown,Arcade and Action
nu.tommie.inbrowser,Communication
com.g5e.pilotbr1,Brain and Puzzle
alvintclam.shopping,Shopping
com.Ampliant.perfectparking,Arcade and Action
com.fas,Finance
com.danilov.smsfirewall,Communication
hu.pocketguide,Travel and Local
com.devmiles.mnotes.free,Productivity
com.noriapps.cairoslots,Cards and Casino
com.billdar.Peso2Dollar,Finance
com.svox.classic.langpack.spa_mex_fem_trial,Communication
com.astreo.pictureiq,Brain and Puzzle
devdnua.cookbook,Lifestyle
org.rastaduck.games.projectcyandemo,Casual
com.fadavis.hargrove.nclex.qa.app,Medical
com.appmania.dm3dholidays,Arcade and Action
nz.co.asb.asbmobile,Finance
com.Geography.Quiz.Game,Brain and Puzzle
air.com.seagate.goflexhome,Media and Video
com.dynodroid.dynoreader.mliaad,News and Magazines
com.km.house.broke,Entertainment
com.aapvs.bestapps.jokes.ru.lite,Comics
com.Wright.GeorTattooPattern,Lifestyle
com.Map.Speedometer,Transportation
com.banjo.android,Social
com.jattcode.instalator,Travel and Local
com.greatbytes.activenotifications,Tools
com.leon.iphoneweather,Weather
com.ianhanniballake.contractiontimer,Tools
com.iamhuy.singbusguide,Transportation
com.boatbrowser.free,Communication
air.com.sticksports.supersixes,Sports Games
jp.kanagawa.hoshi_m.planisphere,Education
com.densebrain.matemate.transit.dcmate,Transportation
com.dailyyoga.weightlossii,Health and Fitness
com.handson.bloonsdemo,Brain and Puzzle
com.ibills.paytm.mobikwik.freecharge,Shopping
se.suckerpunch,Cards and Casino
com.lily.times.calf1.all,Entertainment
ws.munday.swarm,Communication
com.szymontrapp.jlptVocabulary,Education
pepe.jeans,Music and Audio
com.dommainname.ZombieIsland,Arcade and Action
com.webeditlite.app,Productivity
com.narble.quotes.psychologist,Books and Reference
com.viamichelin.android.michelintraffic,Travel and Local
com.aka.freemovies,Media and Video
com.jb.gosms.theme.cherryblossomfree,Personalization
com.jiubang.goscreenlock.theme.sense,Productivity
com.ranapps.fbmessengerphotoshare,Photography
edu.stanford.nicd.raytracer,Arcade and Action
com.lamar.roadninjaapp,Travel and Local
com.readingbee.audiowiki,Communication
com.jb.gokeyboard.theme.christmas,Personalization
com.gogii.textplusrow,Communication
de.kingscup,Cards and Casino
com.textmeinc.textme,Communication
com.fingersoft.benjibananas,Arcade and Action
com.xyrality.scarytribes.googleplay,Arcade and Action
com.sgn.DressUp.BrideToBe,Casual
emre.android.bubblesfree,Casual
com.live.wall.papers.xianjing,Personalization
air.com.omgfreegames.HighSpeedChopper,Arcade and Action
com.rolltech.nemoplayerplus,Music and Audio
com.shdroid.baralert,Shopping
com.jiubang.goscreenlock.theme.greenwonderland.ling,Comics
com.heycheck.mobile,Photography
com.doolnews.app,News and Magazines
com.dnp.android.gaswala.hpgas,Books and Reference
com.jlsoft.inputmethod.latin.jelly.free,Productivity
gfm.camera.packge,Media and Video
tallinn.transport.live,Transportation
com.fishingtimesfree,Sports
com.pixelstrade.carrefour,Shopping
com.locationlabs.cni.sprint,Communication
adec.andro.openrdk.arc,Tools
com.magnolialabs.couponsapp,Shopping
com.innovativelanguage.wordpowerlite.hebrew,Education
com.gau.go.launcherex.theme.VALL,Personalization
com.app4joy.united_states_mod_free,Personalization
mobi.shkspr.android.theramin,Music and Audio
com.thisclicks.wiw,Communication
com.ablet.psychiatryflashcards,Medical
com.sinkpoint.nextTTC,Transportation
com.lifesofts.photo.naturalframes,Photography
com.roadkill.customsmstoneslite,Communication
com.rubenlcestrela.pharmacies.portugal,Medical
com.tegtap.solarwarfare,Arcade and Action
roman10.media.amckey,Media and Video
com.flyingballfree.activity,Sports Games
cat.ereza.sounds.nasty,Tools
com.keramidas.TitaniumBackup,Productivity
android.androidVNC,Business
com.segopecelus.hargahotel,Travel and Local
com.qdvsoftworks.schematicmind,Travel and Local
women.hairstyles.darwin,Lifestyle
no.aftenbladet,Business
com.nuoxygen.ikaroracing,Racing
org.ugosan.hairclipper,Casual
tv.cinetrailer.mobile.b,Entertainment
manyapps.net.manibukfree.science,Books and Reference
cc.mannam.gideon.bible.tagalog.v1,Books and Reference
org.contra.elchradio,Media and Video
com.akvelon.crm.atracker,Business
com.minglebox.android.ieltsapp,Education
com.twitter.jbnu_android,Books and Reference
gs.games.battlecity,Social
com.segopecelus.infobola,Sports Games
fr.atlassi.meteolocale,Weather
com.g5e.pilotbr2,Brain and Puzzle
com.swellinfo,Weather
tool.music.ringtonemaker,Music and Audio
mydotdev.quranenglish,Books and Reference
com.lihuats.ringtone,Music and Audio
com.picadelic.fxguru,Medical
air.com.mingoville.birdistheword,Education
com.eamobile.sims3_row_qwf,Casual
minimaltext.kyledesignedme.adwtheme,Personalization
com.mobileriders.indiangk,Books and Reference
com.sinyee.babybus.clothes,Education
com.ste.android.schnopsnfree,Cards and Casino
com.hottagame.slots,Cards and Casino
com.kpmg.insight.urbanization,Medical
com.wordsmobile.soccerkicks,Sports Games
net.comikon.reader,Productivity
com.cloudninedevelopmentllc.FelipeACetina_41,Medical
air.com.alisacasino.bingo,Cards and Casino
com.acmeaom.android.myradarpro,Weather
com.all.nfs3dcar,Music and Audio
com.casey.tvplayer,Tools
net.jsecurity.printbot,Productivity
com.local_cell_tracker,Tools
com.accuretech.ifarz,Lifestyle
com.RRmessage4,Music and Audio
com.anysoftkeyboard.theme.israel64,Libraries and Demo
com.vuzz.snapdish,Health and Fitness
com.technoguff.nepaliukhan,Education
com.blokwise.cnrace,Racing
net.homelinux.penecoptero.android.mhtutorials,Social
com.salem.oneplace,Books and Reference
com.elky.likekids.fr,Education
com.dessoft.testuno,Sports Games
com.aceviral.bikemaniafree,Racing
com.dailyyoga.bstanding,Health and Fitness
com.mobisystems.msdict.embedded.wireless.mcgrawhill.ndh2011,Medical
com.midisheetmusic,Music and Audio
girl.game.halloween1,Casual
com.fusionlogicmobile.nintiesringtones,Music and Audio
pl.tangelo.android.fertilitycalendar,Productivity
com.MessagesToYoungPeople,Books and Reference
com.vascogames.NinjaMoutainBike,Racing
com.inventionspark.debt_calculator,Social
com.climbingweather.cw,Weather
com.nmbs,Travel and Local
org.chartcreator,Business
com.appcelerator.titanium,Business
com.marketchison.sticksnipervision,Arcade and Action
slo.matto.imenik,Education
com.gau.go.launcherex.theme.Johnnyfruitcake.ling,Personalization
eu.borzaindustries.girls_memory,Entertainment
it.sunsea.soccerquiz,Sports Games
com.medicaljoyworks.prognosis.diabetes,Medical
com.dordev.trollolol,Photography
net.goroid.theend,Arcade and Action
com.umobisoft.igp.viewpics,Photography
com.oddsoft.quicktranslate,Travel and Local
com.pamperedchef.android,Business
com.xzRaggae,Music and Audio
com.lemondoo.crackyourscreenfree,Tools
sg.com.smrt.smrtconnect,Transportation
com.tkandroid.kpopmv,Music and Audio
com.aviary.android.feather.plugins.filters.runway,Libraries and Demo
me.tidesnear.free,Weather
com.FakeYourCallAndSmsLite.Activity,Communication
de.konstrukado.GemischRechner,Business
appinventor.ai_freebies_freesamples_coupons.Freebies_Coupons,Shopping
com.truecallerindia,Productivity
com.lecar.commgoogle,Travel and Local
com.theprojectfactory.quitbuddy,Health and Fitness
com.qll_sb035.android,Books and Reference
giil.buylist,Productivity
com.sunlightlabs.android.congress,Tools
beemoov.amoursucre.android,Arcade and Action
com.floern.xkcd,Productivity
com.lee.lineprofile,Photography
com.gmattclark.hcd,Communication
net.peakgames.lostjewels,Casual
jp.nmochizu.comiview,Comics
com.sam.trifty,Shopping
aniongap.com,Comics
com.markspace.fliqnotes,Business
air.com.freshplanet.games.SongPopPremium,Music and Audio
com.spookyhousestudios.bubbleshootix,Casual
air.FootballDoodFree,Sports Games
com.iapptitude,Brain and Puzzle
com.bakken.home,Travel and Local
gnu.artinamabayi.android,Education
com.goomeoevents.emarketing,Business
com.death.love.a,Entertainment
com.km.house.burn,Entertainment
com.mozinc.thunderstorm,Health and Fitness
com.arcusweather.darksky.pro,Weather
com.licornesolutions.airasia,Travel and Local
teamtk.net.project.travelguidefree,Finance
com.mudahit.kisahnabiv3,News and Magazines
com.popbox.bubbles.free,Arcade and Action
com.piviandco.agingbooth,Entertainment
com.alpha_aps.plumber,Brain and Puzzle
com.nousguide.android.rbtv,Music and Audio
iec.mycatphotosticker.free,Casual
com.kiaigames.Sprinter,Racing
com.saaranga.wikikannada,Social
com.decas.BuddhismRingtone,Music and Audio
com.pbs.android.animalpuzzlefree,Brain and Puzzle
com.kodak.wmc.rsscombinedapp,Photography
vn.esse.bodysymbol.hd,Productivity
com.killermobile.totalrecall.trial,Communication
com.aqreadd.lw.clockdown.lite.gle,Personalization
org.apache.medicalterm,Medical
com.hardest.ballgame,Sports Games
com.thomson.druginfo,Medical
com.interactionstudios.CI4.ggl,Arcade and Action
com.dubai.metromap,Transportation
com.djinnworks.StickStuntBiker2.free,Racing
de.PostkartePro,Comics
com.samsung.dct.retailagent.phthree.test,Weather
com.henryh.android.supermarketlite,Shopping
app.riseset.sunrise.and.sunset,Weather
com.Audio_Therapy_Binaural_Beats_2,Health and Fitness
com.vivamedia.cmGGTHD,Brain and Puzzle
de.mamru.intervals,Health and Fitness
sg.com.squarefoot,Business
kr.co.yam3.searchmenu,Health and Fitness
com.daeha.android.app.repeat_ja_ko,Libraries and Demo
com.sec.android.allShareControl,Entertainment
com.mobileriders.butt.sculpting.exercises,Health and Fitness
